artigoEmPeriodico	Antonio Carlos da Rocha Costa	2013		Situated Normative Infra-structures: The Normative Object Approach	Journal of Logic and Computation (Print)	OKUYAMA, Fabio Yoshimitsu ; BORDINI, Rafael Heitor ; COSTA, A. C. R.	B1	
artigoEmPeriodico	Antonio Carlos da Rocha Costa	2011		Usando CSP, RSL e o Modelo PopOrg na Especificação Formal de Organizações de SMAs	Revista de Informática Teórica e Aplicada (Impresso)	BARBOSA, R. M. ; COSTA, A. C. R.	B4	
artigoEmPeriodico	Antonio Carlos da Rocha Costa	2011		Recognizing and learning models of social exchange strategies for the regulation of social interactions in open agent societies	Journal of the Brazilian Computer Society (Impresso)	DIMURO, Graçaliz Pereira ; COSTA, A. C. R. ; Gonçalves, L. V. ; Pereira, D. R.	B2	
artigoEmPeriodico	Antonio Carlos da Rocha Costa	2010		Exchange Values and Social Power Supporting the Choice of Partners	Revista Pueblos y Frontera Digital	FRANCO, M. H. I. ; COSTA, A. C. R. ; COELHO, H.	C	
artigoEmPeriodico	Antonio Carlos da Rocha Costa	2010		Aplicação de Agentes BDI com Percepção Fuzzy no Modelo Presa-Predador	Revista de Informática Teórica e Aplicada (Impresso)	Farias, G. P. ; DIMURO, Graçaliz Pereira ; COSTA, A. C. R.	B4	
artigoEmPeriodico	Antonio Carlos da Rocha Costa	2009		Interpretações do Interferômetro de Mach-Zehnder no Modelo qMG	TEMA. Tendências em Matemática Aplicada e Computacional	AMARAL, R. B. ; REISER, Renata Hax Sander ; COSTA, A. C. R.	B4	
artigoEmPeriodico	Antonio Carlos da Rocha Costa	2008		Interval-Valued Hidden Markov Models for Recognizing Personality Traits in Social Exchanges in Open Multiagent Systems	TEMA. Tendências em Matemática Aplicada e Computacional	DIMURO, Graçaliz Pereira ; COSTA, A. C. R. ; Gonçalves, L. V. ; Hübner, A.	B4	
artigoEmPeriodico	Antonio Carlos da Rocha Costa	2008		Capacitação de Gestores de Universidades através da Utilização de Jogos de Empresas Baseados em Instituições Eletrônicas	Revista do CCEI	BERNARDI, Giliane ; COSTA, A. C. R.	B5	
artigoEmPeriodico	Antonio Carlos da Rocha Costa	2008		Quantum Arrows in Haskell	Electronic Notes in Theoretical Computer Science	VIZZOTO, Juliana Kaiser ; COSTA, A. C. R. ; Sabry, A.	B1	
artigoEmPeriodico	Antonio Carlos da Rocha Costa	2007		Hand Gesture Recognition in an Interval Fuzzy Approach	TEMA. Tendências em Matemática Aplicada e Computacional	BEDREGAL, Benjamín Callejas ; DIMURO, Graçaliz Pereira ; COSTA, A. C. R.	B4	
artigoEmPeriodico	Antonio Carlos da Rocha Costa	2007		Dialogue Protocols for Argumentation about Exchange Values in Multiagent Systems	Scientia (Unisinos)	FRANCO, M. F. ; COSTA, A. C. R.	C	Scientia (UNISINOS)
artigoEmPeriodico	Antonio Carlos da Rocha Costa	2007		Diagramas MOISE+ para Organização de Cursos na UAB/CEFET-RS	RENOTE. Revista Novas Tecnologias na Educação	DUARTE, Glaucius Décio ; COSTA, A. C. R. ; CARNEIRO, M. L. F.	B5	
artigoEmPeriodico	Antonio Carlos da Rocha Costa	2006	http://dx.doi.org/10.1016/j.cam.2005.08.049	From Intervals to Domains: Towards a General Description of Validated Uncertainty, with Potential Applications to Geospatial and Meteorological Data	Journal of Computational and Applied Mathematics	KREINOVICH, Vladik ; KOSHEKEVA, Olga ; STARKS, Scott ; TUPELLY, Kavitha ; DIMURO, Graçaliz Pereira ; COSTA, A. C. R. ; VILLAVERDE, Karen	A2	
artigoEmPeriodico	Antonio Carlos da Rocha Costa	2006		Probabilidades Intervalares em Modelos Ocultos de Markov	TEMA. Tendências em Matemática Aplicada e Computacional	SANTOS, André Vinícius dos ; DIMURO, Graçaliz Pereira ; BARBOZA, Luciano Vitoria ; COSTA, A. C. R. ; REISER, Renata Hax Snder	B4	
artigoEmPeriodico	Antonio Carlos da Rocha Costa	2006		CV-Muzar - Um ambiente de suporte a comunidades virtuais para apoio à aprendizagem em museus	Revista Brasileira de Informática na Educação	BERTOLETTI-DE-MARCHI, Ana Carolina ; COSTA, A. C. R.	B3	
artigoEmPeriodico	Antonio Carlos da Rocha Costa	2006		Uma Abordagem Funcional na Implementação do Algoritmo de Teleportação Quântica	TEMA. Tendências em Matemática Aplicada e Computacional	CARDOSO, Marcos Borba ; REISER, R. H. S. ; COSTA, A. C. R.	B4	
artigoEmPeriodico	Antonio Carlos da Rocha Costa	2006		Ampliando as Ações Educativas dos Museus por Meio da Formação de Comunidades Virtuais de Aprendizagem	Informática na Educação	MARCHI, Ana Carolina Bertoletti de ; COSTA, A. C. R.	B3	Revista Brasileira de Informática na Educação
artigoEmPeriodico	Antonio Carlos da Rocha Costa	2005		System of Exchange Values as Tools for Multi-Agent Organizations	Journal of the Brazilian Computer Society, Porto Alegre	DIMURO, Graçaliz Pereira ; COSTA, A. C. R. ; PALAZZO, Luiz Antônio Moro	B2	Journal of The Brazilian Computer Society (Online)
artigoEmPeriodico	Antonio Carlos da Rocha Costa	2005		MAS-SOC: a Social Simulation Platform Based on Agent-Oriented Programming	JASSS. Journal of Artificial Societies and Social Simulation, University of Surrey, UK	BORDINI, Rafael Heitor ; COSTA, A. C. R. ; HÜBNER, Jomi Fred ; MOREIRA, Álvaro Freitas ; OKUYAMA, Fabio Yoshimitsu ; VIEIRA, Renata	Qualis nao identificado	JASSS. Journal of Artificial Societies and Social Simulation, University of Surrey, UK
artigoEmPeriodico	Antonio Carlos da Rocha Costa	2005	http://dx.doi.org/10.1016/j.entcs.2005.05.014	Interactive Computation:Stepping Stone in the Pathway From Classical to Developmental Computation	Electronic Notes in Theoretical Computer Science, Amsterdam	COSTA, A. C. R. ; DIMURO, Graçaliz Pereira	B1	Electronic Notes in Theoretical Computer Science
artigoEmPeriodico	Antonio Carlos da Rocha Costa	2005		Princípios de um Modelo Baseado em Valores de Troca para Avaliação de Situações de Cooperação	RENOTE. Revista Novas Tecnologias na Educação, CINTED-UFRGS, Porto Alegre	COSTA, A. C. R.	B5	RENOTE. Revista Novas Tecnologias na Educação
artigoEmPeriodico	Antonio Carlos da Rocha Costa	2005		Um Ambiente de Comunidade Virtual baseado em Objetos de Aprendizagem para Apoiar a Aprendizagem em Museus	RENOTE. Revista Novas Tecnologias na Educação	MARCHI, Ana Carolina Bertoletti de ; TESTA, C. D. ; COSTA, A. C. R.	B5	
artigoEmPeriodico	Antonio Carlos da Rocha Costa	2004		ICTM: An Interval Tessellation-Based Model for Reliable Topographic Segmentation	Numerical Algorithms, Dordrecht	AGUIAR, Marilton Sanchotene de ; DIMURO, Graçaliz Pereira ; COSTA, A. C. R.	B1	Numerical Algorithms
artigoEmPeriodico	Antonio Carlos da Rocha Costa	2004		The Interval Geometric Machine Model	Numerical Algorithms, Dordrecht	REISER, Renata Hax Sander ; DIMURO, Graçaliz Pereira ; COSTA, A. C. R.	B1	Numerical Algorithms
artigoEmPeriodico	Antonio Carlos da Rocha Costa	2004		A cooperação presencial ou a distância em uma perspectiva piagetiana	Tecnologia Educacional, Rio de Janeiro	RIZZI, Claudia Brandelero ; COSTA, A. C. R. ; FRANCO, Sérgio Roberto Kieling	Qualis nao identificado	Tecnologia Educacional, Rio de Janeiro
artigoEmPeriodico	Antonio Carlos da Rocha Costa	2004		The Stochastic Geometric Machine Model	TEMA. Tendências em Matemática Aplicada e Computacional, São José dos Campos	REISER, Renata Hax Sander ; COSTA, A. C. R. ; DIMURO, Graçaliz Pereira	B4	TEMA. Tendências em Matemática Aplicada e Computacional
artigoEmPeriodico	Antonio Carlos da Rocha Costa	2004		Uma Proposta de Padrão de Metadados para Objetos de Aprendizagem de Museus de Ciências e Tecnologia	RENOTE. Revista Novas Tecnologias na Educação	MARCHI, Ana Carolina Bertoletti de ; COSTA, A. C. R.	B5	
artigoEmPeriodico	Antonio Carlos da Rocha Costa	2004		IMP-BDI: Improvisational BDI Architecture	Revista Tecnologia da Informação	MORAES, Márcia Cristina ; COSTA, A. C. R.	Qualis nao identificado	Revista Tecnologia da Informação
artigoEmPeriodico	Antonio Carlos da Rocha Costa	2004		ENSINET/NAV: Uma ferramenta para estruturação de cursos baseados em objetos de aprendizagem	RENOTE. Revista Novas Tecnologias na Educação	SOUZA, Diego Lemos de ; DIMURO, Graçaliz Pereira ; COSTA, A. C. R. ; BARBOSA, R. M.	B5	
artigoEmPeriodico	Antonio Carlos da Rocha Costa	2004		GROA - um Gerenciador de Repositórios de Objetos de Aprendizagem	Cadernos de Informática (UFRGS)	BARBOSA, R. M. ; COSTA, A. C. R.	C	
artigoEmPeriodico	Antonio Carlos da Rocha Costa	2003		Teoria Piagetiana das Trocas Sociais e sua Aplicação aos Ambientes de Ensino-aprendizagem	Informática na Educação, Porto Alegre	COSTA, A. C. R.	Qualis nao identificado	Informática na Educação, Porto Alegre
artigoEmPeriodico	Antonio Carlos da Rocha Costa	2003		Educar pela Pesquisa - uma abordagem para o desenvolvimento e utilização de softwares educacionais	RENOTE. Revista Novas Tecnologias na Educação, Porto Alegre	BERTOLETTI, Ana Carolina ; MORAES, Márcia Cristina ; MORAES, Roque ; COSTA, A. C. R.	B5	RENOTE. Revista Novas Tecnologias na Educação
artigoEmPeriodico	Antonio Carlos da Rocha Costa	2003		A Programming Language for the Interval Geometric Machine	Electronic Notes in Theoretical Computer Science, Amsterdam	REISER, Renata Hax Sander ; COSTA, A. C. R. ; DIMURO, Graçaliz Pereira	B1	Electronic Notes in Theoretical Computer Science
artigoEmPeriodico	Antonio Carlos da Rocha Costa	2003		O Modelo de Máquina Geométrica Intervalar	TEMA. Tendências em Matemática Aplicada e Computacional, São Carlos	REISER, Renata Hax Sander ; COSTA, A. C. R. ; DIMURO, Graçaliz Pereira	B4	TEMA. Tendências em Matemática Aplicada e Computacional
artigoEmPeriodico	Antonio Carlos da Rocha Costa	2002		First Steps in the Construction of the Geometric Machine Model	TEMA. Tendências em Matemática Aplicada e Computacional, São Carlos	REISER, Renata Hax Sander ; COSTA, A. C. R. ; DIMURO, Graçaliz Pereira	B4	TEMA. Tendências em Matemática Aplicada e Computacional
artigoEmPeriodico	Antonio Carlos da Rocha Costa	2002		Probabilidade Intervalar e Cadeias de Markov Intervalares no Maple	TEMA. Tendências em Matemática Aplicada e Computacional, São Carlos	CAMPOS, Marcilia Andrade ; DIMURO, Graçaliz Pereira ; COSTA, A. C. R. ; ARAÚJO, João Francisco Fadrique ; DIAS, Aurélio Magalhães	B4	TEMA. Tendências em Matemática Aplicada e Computacional
artigoEmPeriodico	Antonio Carlos da Rocha Costa	2002		Idéias Iniciais para a Inclusão de Módulos de Monitoração e Avaliação do Sistema ENSINET	Cadernos de Informática (UFRGS), Porto Alegre	MIRANDA, Raquel Mello de ; ISLABÃO, Márcia Hafelle ; SILVA, João Paulo Muller da ; BASTOS, Eduardo Nunes ; DIMURO, Graçaliz Pereira ; COSTA, A. C. R.	C	Cadernos de Informática (UFRGS)
artigoEmPeriodico	Antonio Carlos da Rocha Costa	2001		Idéias iniciais para inclusão de Módulos de Monitoração e Avaliação do Sistema ENSINET	Cadernos de Informática (UFRGS)	MIRANDA, Raquel Mello ; FRANCO, M. H. I. ; SILVA, João Paulo Muller da ; BASTOS, Eduardo Nunes ; COSTA, A. C. R. ; DIMURO, Graçaliz Pereira	C	
artigoEmPeriodico	Antonio Carlos da Rocha Costa	2000		A Coherence space of rational intervals for a construction of IR	Reliable Computing, Dordrecht, Netherlands.	DIMURO, Graçaliz Pereira ; COSTA, A. C. R. ; CLAUDIO, D. M.	Qualis nao identificado	Reliable Computing, Dordrecht, Netherlands.
artigoEmPeriodico	Antonio Carlos da Rocha Costa	2000		Uma Experiência de Ensino Integrado dos Fundamentos Matemáticos da Ciência da Computação	Revista Brasileira de Informática na Educação, Florianópolis	DIMURO, Graçaliz Pereira ; COSTA, A. C. R. ; RODRIGUES, F. P. M.	B3	Revista Brasileira de Informática na Educação
artigoEmPeriodico	Antonio Carlos da Rocha Costa	1999		Análise Lógico-Operatória do Ambiente de Desenvolvimento Cooperativo de Programação ENVY/400	Revista Brasileira de Informática na Educação, Florianópolis, SC.	BEHAR, P. A. ; COSTA, A. C. R.	B3	Revista Brasileira de Informática na Educação
trabalhoCompletoEmCongresso	Antonio Carlos da Rocha Costa	2013		On the Basic Binding Structure of a Basic Interaction Scheme	27th European Conference on Modelling and Simulation	COSTA, A. C. R.	Qualis nao identificado	27th European Conference on Modelling and Simulation
trabalhoCompletoEmCongresso	Antonio Carlos da Rocha Costa	2013		A Communication Infrastructure Based on Artifacts for the JaCaMo Platform	1st International Workshop on Engineering Multiagent Systems @ AAMAS 2013	RODRIGUES, T. F. ; COSTA, A. C. R. ; DIMURO, Graçaliz Pereira	Qualis nao identificado	1st International Workshop on Engineering Multiagent Systems @ AAMAS 2013
trabalhoCompletoEmCongresso	Antonio Carlos da Rocha Costa	2013		Utilizando o MOISE+ na Modelagem de um Sistema Multiagente da Peça Auto da Compadecida	ENIAC 2013 X National Meeting on Artificial and Computational Intelligence	DOBRZANSKI, T. ; ALVES, G. V. ; COSTA, A. C. R.	Qualis nao identificado	ENIAC 2013 X National Meeting on Artificial and Computational Intelligence
trabalhoCompletoEmCongresso	Antonio Carlos da Rocha Costa	2013		OrIAs: An Artifact-Based Micro-Organizational Level Infrastruture for Multiagent Systems	11th European Workshop on Multi-Agent Systems	THOMASI, C. D. ; COSTA, A. C. R.	B3	European Workshop on Multi Agent Systems
trabalhoCompletoEmCongresso	Antonio Carlos da Rocha Costa	2013		Toward a Formal Reconstruction of Kelsen s Theory of Legal Systems	II Workshop-Escola de Informática Teórica - WEIT 2013	COSTA, A. C. R.	Qualis nao identificado	II Workshop-Escola de Informática Teórica - WEIT 2013
trabalhoCompletoEmCongresso	Antonio Carlos da Rocha Costa	2012		Modeling Role Interactions in a Social Organization for the Simulation of the Social Production and Management of Urban Ecosystems: the case of San Jerónimo Vegetable Garden of Seville, Spain	BWSS 2012 - The Third Brazilian Workshop on Social Simulation	SANTOS, F. P. ; RODRIGUES, T. F. ; DIMURO, G. ; Adamatti, D. ; DIMURO, Graçaliz Pereira ; COSTA, A. C. R. ; MANUEL, E.	B5	Brazilian Workshop on Social Simulation
trabalhoCompletoEmCongresso	Antonio Carlos da Rocha Costa	2012		Analyzing the Evolution of Social Exchange Strategies in Social Preference-based MAS through an Evolutionary Spatial Approach of the Ultimatum Game	BWSS 2012 - The Third Brazilian Workshop on Social Simulation	MACEDO, L. F. ; DIMURO, Graçaliz Pereira ; AGUIAR, Marilton Sanchotene de ; COSTA, A. C. R. ; COELHO, H. M. F. ; MATTOS, V.	B5	Brazilian Workshop on Social Simulation
trabalhoCompletoEmCongresso	Antonio Carlos da Rocha Costa	2012		Elementary Social Functions: Concept and Interrelation to Social Dependence Relations	BWSS 2012 - The Third Brazilian Workshop on Social Simulation	COSTA, A. C. R. ; DIMURO, Graçaliz Pereira	B5	Brazilian Workshop on Social Simulation
trabalhoCompletoEmCongresso	Antonio Carlos da Rocha Costa	2012		Um Modelo de Agente BDI-Fuzzy para Trocas de Serviços Não-Econômicos Baseado na Teoria das Trocas Sociais de Piaget	II CBSF - Segundo Congresso Brasileiro de Sistemas Fuzzy	Farias, G. P. ; DIMURO, Graçaliz Pereira ; COSTA, A. C. R.	Qualis nao identificado	II CBSF - Segundo Congresso Brasileiro de Sistemas Fuzzy
trabalhoCompletoEmCongresso	Antonio Carlos da Rocha Costa	2012		Um framework para simulação de Políticas Públicas aplicado ao caso da Piracema, sob o olhar da Teoria dos Jogos	Encontro Nacional de Inteligência Artificial - ENIA 2012	SANTOS, I. A. S. ; MOTA, F. P. ; COSTA, A. C. R. ; DIMURO, Graçaliz Pereira	B4	Encontro Nacional de Intelig
trabalhoCompletoEmCongresso	Antonio Carlos da Rocha Costa	2012		Modelando a Organização Social de um SMA para Simulação dos Processos de Produção e Gestão Social de um Ecossistema Urbano: o caso da Horta San Jerónimo da cidade de Sevilla, Espanha	WESAAC 2012 - VI Workshop-Escola de Sistemas de Agentes	SANTOS, F. P. ; DIMURO, G. ; RODRIGUES, T. F. ; Adamatti, D. ; DIMURO, Graçaliz Pereira ; MANUEL, E. ; COSTA, A. C. R.	Qualis nao identificado	WESAAC 2012 - VI Workshop-Escola de Sistemas de Agentes
trabalhoCompletoEmCongresso	Antonio Carlos da Rocha Costa	2012		Regulation of Social Exchanges in Open MAS: the problem of reciprocal conversions between POMDPs and HMMs	Workshop on Adaptive and Learning Agents - ALA 2012 / AAMAS 2012 -11th International Conference on Autonomous Agents and Multiagent Systems	DIMURO, Graçaliz Pereira ; COSTA, A. C. R.	Qualis nao identificado	Workshop on Adaptive and Learning Agents - ALA 2012 / AAMAS 2012 -11th International Conference on Autonomous Agents and Multiagent Systems
trabalhoCompletoEmCongresso	Antonio Carlos da Rocha Costa	2012		Simulando a Execução de Políticas Públicas através de Jason e CArtAgO	WESAAC 2012 - Workshop-Escola de Sistemas de Agentes	SANTOS, I. A. S. ; COSTA, A. C. R.	Qualis nao identificado	WESAAC 2012 - Workshop-Escola de Sistemas de Agentes
trabalhoCompletoEmCongresso	Antonio Carlos da Rocha Costa	2012		Toward a Framework for Simulating Agent-Based Models of Public Policy Processes on the Jason-CArtAgO Platform	AMPLE@ECAI 2012 - 2nd International Workshop on Agent-based Modeling for Policy Engineering	COSTA, A. C. R. ; SANTOS, I. A. S.	Qualis nao identificado	AMPLE@ECAI 2012 - 2nd International Workshop on Agent-based Modeling for Policy Engineering
trabalhoCompletoEmCongresso	Antonio Carlos da Rocha Costa	2012		A Utilização de Sistemas Multiagentes para a Modelagem de Mudanças Climáticas	XVII Congresso Brasileiro de Meteorologia	GONCALVES, G. ; KRUSCHE, N. ; COSTA, A. C. R.	Qualis nao identificado	XVII Congresso Brasileiro de Meteorologia
trabalhoCompletoEmCongresso	Antonio Carlos da Rocha Costa	2011		Um Modelo Multiagente para Carregamento Compartilhado com Prioridades em um Terminal de Contêineres: Combinando o Problema da Mochila com PDMs	V Workshop-Escola de Sistemas de Agentes	Rodrigues, L. M. ; DIMURO, Graçaliz Pereira ; COSTA, A. C. R.	Qualis nao identificado	V Workshop-Escola de Sistemas de Agentes
trabalhoCompletoEmCongresso	Antonio Carlos da Rocha Costa	2011		Um Estudo para uma Proposta de Modelos de Tomada de Decisão em Interações Estratégicas para Sistemas Multiagentes em Ambientes de Informação Imperfeita	WEIT 2011 - Workshop-Escola de Informática Teórica	BRIAO, S. ; DIMURO, Graçaliz Pereira ; COSTA, A. C. R.	Qualis nao identificado	WEIT 2011 - Workshop-Escola de Informática Teórica
trabalhoCompletoEmCongresso	Antonio Carlos da Rocha Costa	2011		Towards Developmental Turing Machines	WEIT 2011 - Workshop-Escola de Informática Teórica	COSTA, S. A. ; COSTA, A. C. R. ; DIMURO, Graçaliz Pereira	Qualis nao identificado	WEIT 2011 - Workshop-Escola de Informática Teórica
trabalhoCompletoEmCongresso	Antonio Carlos da Rocha Costa	2011		Um Modelo Multiagente para Carregamento Compartilhado com Prioridades em um Terminal de Conêineres: Combinando o Problema da Mochila com PDMs	V Workshop-Escola de Sistemas de Agentes	Rodrigues, L. M. ; DIMURO, Graçaliz Pereira ; COSTA, A. C. R. ; EMMENDORFER, L.	Qualis nao identificado	V Workshop-Escola de Sistemas de Agentes
trabalhoCompletoEmCongresso	Antonio Carlos da Rocha Costa	2012		Relativismo Epist emico em Sociedades de Agentes: Uma Modelagem Semântica Preliminar	Workshop-Escola de Informática Teórica - WEIT 2011	COSTA, A. C. R.	Qualis nao identificado	Workshop-Escola de Informática Teórica - WEIT 2011
trabalhoCompletoEmCongresso	Antonio Carlos da Rocha Costa	2010		Agentes BDI com Percepção Fuzzy na Simulação de um Modelo Presa-Predador Fuzzy	WESAAC 2010: Workshop-Escola de Sistemas de Agentes	Farias, G. P. ; DIMURO, Graçaliz Pereira ; COSTA, A. C. R.	Qualis nao identificado	WESAAC 2010: Workshop-Escola de Sistemas de Agentes
trabalhoCompletoEmCongresso	Antonio Carlos da Rocha Costa	2010		Introdução da Dimensão Dialógica no Moise+, com Aplicação na Modelagem de Processos de Gestão em uma Universidade Comunitária	WESAAC 2010: Workshop-Escola de Sistemas de Agentes	Hübner, A. ; COSTA, A. C. R. ; DIMURO, Graçaliz Pereira ; MATTOS, V. ; HERNANDES, S. ; MAILANGE, M.	Qualis nao identificado	WESAAC 2010: Workshop-Escola de Sistemas de Agentes
trabalhoCompletoEmCongresso	Antonio Carlos da Rocha Costa	2010		Uso de CSP na Especificação Formal do Nível Micro-Organizacional de Sistemas Multiagentes	WESAAC 2010: Workshop-Escola de Sistemas de Agentes	BARBOSA, R. M. ; COSTA, A. C. R.	Qualis nao identificado	WESAAC 2010: Workshop-Escola de Sistemas de Agentes
trabalhoCompletoEmCongresso	Antonio Carlos da Rocha Costa	2010		Um Modelo de Agente Econômico Cognitivo com Base no Conceito de Agentes BDI	WESAAC 2010: Workshop-Escola de Sistemas de Agentes	JEANNES, F. M. ; COSTA, A. C. R.	Qualis nao identificado	WESAAC 2010: Workshop-Escola de Sistemas de Agentes
trabalhoCompletoEmCongresso	Antonio Carlos da Rocha Costa	2010		Teoria dos Jogos aplicada à coordenação de agentes, utilizando Teoria dos Valores de Troca	WESAAC 2010: Workshop-Escola de Sistemas Multiagentes	Pereira, D. R. ; COSTA, A. C. R.	Qualis nao identificado	WESAAC 2010: Workshop-Escola de Sistemas Multiagentes
trabalhoCompletoEmCongresso	Antonio Carlos da Rocha Costa	2010		A Dialogic Dimension for the MOISE+ Organizational Model	The Multi-Agent Logics	Hübner, A. ; DIMURO, Graçaliz Pereira ; COSTA, A. C. R. ; MATTOS, V.	Qualis nao identificado	The Multi-Agent Logics
trabalhoCompletoEmCongresso	Antonio Carlos da Rocha Costa	2010		BDI Agents with Fuzzy Perception for Simulating Decision Making in Environments with Imperfect Information	The Multi-Agent Logics	Farias, G. P. ; DIMURO, Graçaliz Pereira ; COSTA, A. C. R.	Qualis nao identificado	The Multi-Agent Logics
trabalhoCompletoEmCongresso	Antonio Carlos da Rocha Costa	2010		BDI Agents with Fuzzy Perception	V Workshop on MSc Dissertation and PhD Thesis in Artificial Intelligence	Farias, G. P. ; DIMURO, Graçaliz Pereira ; COSTA, A. C. R.	Qualis nao identificado	V Workshop on MSc Dissertation and PhD Thesis in Artificial Intelligence
trabalhoCompletoEmCongresso	Antonio Carlos da Rocha Costa	2010		On the Problem of Recognizing and Learning Observable Social Exchange Strategies in Open Societies	Second Brazilian Workshop on Social Simulation (BWSS 2010) at Joint Conferences XX SBIA/XI SBRN/IV JRI	DIMURO, Graçaliz Pereira ; COSTA, A. C. R. ; Gonçalves, L. V.	B5	Brazilian Workshop on Social Simulation
trabalhoCompletoEmCongresso	Antonio Carlos da Rocha Costa	2010		An Interactional Characterization of Social Functions	Second Brazilian Workshop on Social Simulation - BWSS 2010 at Joint Conference SBIA/SBRN/JRI 2010	COSTA, A. C. R. ; DIMURO, Graçaliz Pereira	B5	Brazilian Workshop on Social Simulation
trabalhoCompletoEmCongresso	Antonio Carlos da Rocha Costa	2010		Sobre Números Fuzzy Intervalares	Congresso Brasileiro de Sistemas Fuzzy	DIMURO, Graçaliz Pereira ; COSTA, A. C. R. ; MUSSI, R. L.	Qualis nao identificado	Congresso Brasileiro de Sistemas Fuzzy
trabalhoCompletoEmCongresso	Antonio Carlos da Rocha Costa	2010		On the Operationality of Moral-Sense Decision Making	Second Brazilian Workshop on Social Simulation (BWSS 2010) at Joint Conferences XX SBIA/XI SBRN/IV JRI	COELHO, H. ; COSTA, A. C. R. ; TRIGO, P.	B5	Brazilian Workshop on Social Simulation
trabalhoCompletoEmCongresso	Antonio Carlos da Rocha Costa	2010	http://dx.doi.org/10.1007/978-3-642-16952-6_26	Moral Minds as Multiple-Layer Organizations	12th Ibero-American Conference on AI	COELHO, H. ; COSTA, A. C. R. ; TRIGO, P.	Qualis nao identificado	12th Ibero-American Conference on AI
trabalhoCompletoEmCongresso	Antonio Carlos da Rocha Costa	2010		Decision Making for Agent Moral Conducts	INFORUM - Simpósio de Informática	COELHO, H. ; COSTA, A. C. R. ; TRIGO, P.	Qualis nao identificado	INFORUM - Simpósio de Informática
trabalhoCompletoEmCongresso	Antonio Carlos da Rocha Costa	2009		Toward a Semantical Model of Organization Growth for Multiagent Systems	Computability in Europe 2009: Mathematical Theory and Computational Practice	DIMURO, Graçaliz Pereira ; COSTA, A. C. R.	Qualis nao identificado	Computability in Europe 2009: Mathematical Theory and Computational Practice
trabalhoCompletoEmCongresso	Antonio Carlos da Rocha Costa	2009		Aprendizagem Organizacional através de Simulação baseada em Instituições Eletrônicas e Agentes de Software	V Simpósio Brasileiro de Sistemas de Informação	BERNARDI, Giliane ; COSTA, A. C. R.	B4	Simpósio Brasileiro de Sistemas de Informação
trabalhoCompletoEmCongresso	Antonio Carlos da Rocha Costa	2009		Fuzzy Evaluation of Social Exchanges Between Personality-based Agents	14th Portuguese Conference on Artificial Intelligence - EPIA'2009/Social Simulation and Modelling - SSM	DIMURO, Graçaliz Pereira ; SANTOS, André Vinícius dos ; BEDREGAL, Benjamin René Callejas ; COSTA, A. C. R.	Qualis nao identificado	14th Portuguese Conference on Artificial Intelligence - EPIA'2009/Social Simulation and Modelling - SSM
trabalhoCompletoEmCongresso	Antonio Carlos da Rocha Costa	2009		A Formal Notion of Objective Expectations in the Context of Multiagent Systems Routines	14th Portuguese Conference on Artificial Intelligence - EPIA'2009/Multi-Agent Systems: Theory and Applications - MASTA 2009	COSTA, A. C. R. ; DIMURO, Graçaliz Pereira ; DUGDALE, J. ; DEMAZEAU, Y.	Qualis nao identificado	14th Portuguese Conference on Artificial Intelligence - EPIA'2009/Multi-Agent Systems: Theory and Applications - MASTA 2009
trabalhoCompletoEmCongresso	Antonio Carlos da Rocha Costa	2009		A Critical Study of the Coherence between EBMs and ABMs in the Simulation of the Hawks-Doves-LawAbiders Society	14th Portuguese Conference on Artificial Intelligence - EPIA'2009/Social Simulation and Modelling - SSM 2009	JEANNES, F. M. ; COSTA, A. C. R.	Qualis nao identificado	14th Portuguese Conference on Artificial Intelligence - EPIA'2009/Social Simulation and Modelling - SSM 2009
trabalhoCompletoEmCongresso	Antonio Carlos da Rocha Costa	2009		On the Intelligence of Moral Agency	14th Portuguese Conference on Artificial Intelligence - EPIA'2009/Social Simulation and Modelling - SSM 2009	COELHO, H. ; COSTA, A. C. R.	Qualis nao identificado	14th Portuguese Conference on Artificial Intelligence - EPIA'2009/Social Simulation and Modelling - SSM 2009
trabalhoCompletoEmCongresso	Antonio Carlos da Rocha Costa	2009		Estendendo o Modelo Organizacional MOISE+ com a Dimensão Dialógica	3rd Southern Conference on Computational Modeling	Hübner, A. ; COSTA, A. C. R. ; DIMURO, Graçaliz Pereira	Qualis nao identificado	3rd Southern Conference on Computational Modeling
trabalhoCompletoEmCongresso	Antonio Carlos da Rocha Costa	2008		Introducing Service Schemes and Systems Organization in the Theory of Interactive Computation	Fourth Conference on Computability in Europe: Logic and Theory of Algorithms	COSTA, A. C. R. ; DIMURO, Graçaliz Pereira	Qualis nao identificado	Fourth Conference on Computability in Europe: Logic and Theory of Algorithms
trabalhoCompletoEmCongresso	Antonio Carlos da Rocha Costa	2008		Constructing BDI Plans from Optimal POMDP Policies, with an Application to AgentSpeak Programming	XXXIV Conferência Latinoamericano de Informática	Pereira, D. R. ; DIMURO, Graçaliz Pereira ; COSTA, A. C. R.	B4	Conferencia Latinoamericana de Informática
trabalhoCompletoEmCongresso	Antonio Carlos da Rocha Costa	2008		Contrasting Two Regulation Mechanisms for Personality-based Social Exchange Processes	1st Brazilian Workshop on Social Simulation	Pereira, D. R. ; Gonçalves, L. V. ; DIMURO, Graçaliz Pereira ; COSTA, A. C. R.	B5	Brazilian Workshop on Social Simulation
trabalhoCompletoEmCongresso	Antonio Carlos da Rocha Costa	2008		Capacitação de Gestores de Instituições de Ensino Superior através da Simulação de Processos Administrativos utilizando a Abordagem de Instituições Eletrônicas	Workshop-Escola de Sistemas de Agentes para Ambientes Colaborativos	BERNARDI, Giliane ; COSTA, A. C. R.	Qualis nao identificado	Workshop-Escola de Sistemas de Agentes para Ambientes Colaborativos
trabalhoCompletoEmCongresso	Antonio Carlos da Rocha Costa	2008		Towards the Self-regulation of Personality-based Social Exchange Processes in Multiagent Systems	19th Brazilian Symposium on Artificial Intelligence	Pereira, D. R. ; Gonçalves, L. V. ; DIMURO, Graçaliz Pereira ; COSTA, A. C. R.	B2	Brazilian Symposium on Artificial Inteligence
trabalhoCompletoEmCongresso	Antonio Carlos da Rocha Costa	2008		Interpretações do Interferômetro de Mach-Zehnder no Modelo qMG	Congresso de Matemática Aplicada e Computacional	AMARAL, R. B. ; REISER, Renata Hax Sander ; COSTA, A. C. R.	B4	Congresso Nacional de Matemática Aplicada e Computacional
trabalhoCompletoEmCongresso	Antonio Carlos da Rocha Costa	2009		Simulating Argumentation about Exchange Values in Multi-Agents Interactions	19th Brazilian Symposium on Artificial Intelligence - Workshop on Social Simulation (SBIA - BWSS 2008)	ISLABÃO, Márcia Hafelle ; COSTA, A. C. R.	Qualis nao identificado	19th Brazilian Symposium on Artificial Intelligence - Workshop on Social Simulation (SBIA - BWSS 2008)
trabalhoCompletoEmCongresso	Antonio Carlos da Rocha Costa	2008		Jogos de Empresa e Aprendizagem Organizacional: um Estudo de Caso de Simulação de Processos Organizacionais de uma Instituição de Educação Superior	SEGeT 2008 - V Simpósio de Excelência em Gestão e Tecnologia	BERNARDI, Giliane ; COSTA, A. C. R.	Qualis nao identificado	SEGeT 2008 - V Simpósio de Excelência em Gestão e Tecnologia
trabalhoCompletoEmCongresso	Antonio Carlos da Rocha Costa	2008		Jogo de Empresa baseado em Agentes de Software e Instituições Eletrônicas para Aprendizagem Organizacional de Gestores de Instituições de Educação Superior	Jornadas Chilenas de Computación 2008 - Workshop en Agentes y Sistemas Colaborativos	BERNARDI, Giliane ; COSTA, A. C. R.	Qualis nao identificado	Jornadas Chilenas de Computación 2008 - Workshop en Agentes y Sistemas Colaborativos
trabalhoCompletoEmCongresso	Antonio Carlos da Rocha Costa	2008		Equation based Models as Formal Specifications of Agent-based Models for Social Simulation: preliminary issues	BWSS 2008 - Brazilian Workshop on Social Simulation	COSTA, A. C. R. ; JEANNES, F. M. ; CAVA, U. A.	B5	Brazilian Workshop on Social Simulation
trabalhoCompletoEmCongresso	Antonio Carlos da Rocha Costa	2007		Towards a Domain-theoretic Model of Developmental Machines	CIE 2007 - Computability in Europe	DIMURO, Graçaliz Pereira ; COSTA, A. C. R.	Qualis nao identificado	CIE 2007 - Computability in Europe
trabalhoCompletoEmCongresso	Antonio Carlos da Rocha Costa	2007		On the Notion of Developmental Computing Machine	XXXIV Seminário Integrado de Software e Hardware	COSTA, A. C. R. ; DIMURO, Graçaliz Pereira	B4	Seminário Integrado de Software e Hardware
trabalhoCompletoEmCongresso	Antonio Carlos da Rocha Costa	2007		Sketching an Abstract Model of Development for Information Processing Mechanisms	Congresso Ibero-Americano de Inovação Tecnológica e Áreas Estratégicas	COSTA, A. C. R. ; DIMURO, Graçaliz Pereira	Qualis nao identificado	Congresso Ibero-Americano de Inovação Tecnológica e Áreas Estratégicas
trabalhoCompletoEmCongresso	Antonio Carlos da Rocha Costa	2007		Argumentation about Exchanges Values in Multiagent Systems and Collaborative Environments	WESAAC 2007 - Workshop-Escola de Sistemas de Agentes para Ambientes Colaborativos	FRANCO, M. F. ; COSTA, A. C. R.	Qualis nao identificado	WESAAC 2007 - Workshop-Escola de Sistemas de Agentes para Ambientes Colaborativos
trabalhoCompletoEmCongresso	Antonio Carlos da Rocha Costa	2007		A Model for Negotiations about Exchanges Values in Multiagents Systems	ENIA - Encontro Nacional de Inteligência Artificial	FRANCO, M. F. ; COSTA, A. C. R.	B4	Encontro Nacional de Intelig
trabalhoCompletoEmCongresso	Antonio Carlos da Rocha Costa	2007		Uma Arquitetura para Simulações Multiagentes Georeferenciadas e suas Extensões para o Contexto de Ambientes Colaborativos	WESAAC 2007 - Workshop-Escola de Sistemas de Agentes para Ambientes Colaborativos	GRIGOLETTI, P. S. ; COSTA, A. C. R.	Qualis nao identificado	WESAAC 2007 - Workshop-Escola de Sistemas de Agentes para Ambientes Colaborativos
trabalhoCompletoEmCongresso	Antonio Carlos da Rocha Costa	2007		Plataforma MAS-SOC para Simulações Sociais	WESAAC 2007 - Workshop-Escola de Sistemas de Agentes para Ambientes Colaborativos	OKUYAMA, Fabio Yoshimitsu ; COSTA, A. C. R.	Qualis nao identificado	WESAAC 2007 - Workshop-Escola de Sistemas de Agentes para Ambientes Colaborativos
trabalhoCompletoEmCongresso	Antonio Carlos da Rocha Costa	2007		Semantical Concepts for a Formal Structural Dynamics of Situated Multiagent Systems	COIN@Durham - Coordination	COSTA, A. C. R. ; DIMURO, Graçaliz Pereira	Qualis nao identificado	COIN@Durham - Coordination
trabalhoCompletoEmCongresso	Antonio Carlos da Rocha Costa	2007	http://dx.doi.org/10.1007/978-3-540-77002-2_49	A Basis for an Exchange Value-based Operational Notion of Morality for Multiagent Systems	13th Portuguese Conference on Artificial Intelligence EPIA 2007/MASTA 2007 - 4th Workshop on Multi-Agent Systems: Theory and Applications	COSTA, A. C. R. ; DIMURO, Graçaliz Pereira	Qualis nao identificado	13th Portuguese Conference on Artificial Intelligence EPIA 2007/MASTA 2007 - 4th Workshop on Multi-Agent Systems: Theory and Applications
trabalhoCompletoEmCongresso	Antonio Carlos da Rocha Costa	2007		Toward a Model for the Programming of Quantum Movements in Nano-systems	WECIQ 2007 - 2o. Workshop-Escola de Computação e Informação Quântica	COSTA, A. C. R. ; DIMURO, Graçaliz Pereira	Qualis nao identificado	WECIQ 2007 - 2o. Workshop-Escola de Computação e Informação Quântica
trabalhoCompletoEmCongresso	Antonio Carlos da Rocha Costa	2007		Quantum Computing: Computation from Coherence Spaces	WECIQ 2007 - 2o. Workshop-Escola de Computação e Informação Quântica	REISER, Renata Hax Sander ; COSTA, A. C. R. ; AMARAL, R.	Qualis nao identificado	WECIQ 2007 - 2o. Workshop-Escola de Computação e Informação Quântica
trabalhoCompletoEmCongresso	Antonio Carlos da Rocha Costa	2007		Interval-Valued Hidden Markov Models for Recognizing Personality Traits in Social Exchanges in Open Multiagent Systems	XXX Congresso Nacional de Matemática Aplicada e Computacional	DIMURO, Graçaliz Pereira ; COSTA, A. C. R. ; Gonçalves, L. V.	B4	Congresso Nacional de Matemática Aplicada e Computacional
trabalhoCompletoEmCongresso	Antonio Carlos da Rocha Costa	2007		VirD-GM: Towards a Grid Computing Environment	Seventh IEEE International Symposium on ClusterComputing and the Grid CCGrid 2007	FONSECA, V. S. ; REISER, Renata Hax Sander ; YAMIN, A. C. ; COSTA, A. C. R.	A1	IEEE/ACM International Symposium on Cluster Computing and the Grid
trabalhoCompletoEmCongresso	Antonio Carlos da Rocha Costa	2007		Coherence Space-based Models of Quantum Algorithms	Congresso Ibero-Americano de Inovação Tecnológica e Áreas Estratégicas	REISER, Renata Hax Sander ; COSTA, A. C. R. ; AMARAL, R. B.	Qualis nao identificado	Congresso Ibero-Americano de Inovação Tecnológica e Áreas Estratégicas
trabalhoCompletoEmCongresso	Antonio Carlos da Rocha Costa	2007		VirD-GM: Introducing a Modelling and Execution Environment for the Distributed Geometric Machine Machine	Conferencia Latinoamericana de Informática	FONSECA, V. S. ; REISER, Renata Hax Sander ; YAMIN, A. C. ; COSTA, A. C. R.	B4	
trabalhoCompletoEmCongresso	Antonio Carlos da Rocha Costa	2007		Augmenting Multi-Agent Environment Descriptions with a Normative Infrastructure	VI ENIA - Encontro Nacional de Inteligência Artificial	OKUYAMA, Fabio Yoshimitsu ; BORDINI, Rafael Heitor ; COSTA, A. C. R.	B4	Encontro Nacional de Intelig
trabalhoCompletoEmCongresso	Antonio Carlos da Rocha Costa	2006		Quantifying Degrees of Dependence in Social Dependence Relations	SEVENTH INTERNATIONAL WORKSHOP ON MULTI-AGENT-BASED SIMULATION	COSTA, A. C. R. ; DIMURO, Graçaliz Pereira	B3	International Workshop on Multi Agent Based Simulation
trabalhoCompletoEmCongresso	Antonio Carlos da Rocha Costa	2006		Recognizing Hand Gestures Using a Fuzzy Rule-Based Method, and Representing Them with HamNoSys	SECOND WORKSHOP ON THE REPRESENTATION AND PROCESSING OF SIGN LANGUAGES:LEXICOGRAPHIC MATTERS AND DIDACTIC SCENARIOS	COSTA, A. C. R. ; DIMURO, Graçaliz Pereira ; BEDREGAL, Benjamín Callejas	Qualis nao identificado	SECOND WORKSHOP ON THE REPRESENTATION AND PROCESSING OF SIGN LANGUAGES:LEXICOGRAPHIC MATTERS AND DIDACTIC SCENARIOS
trabalhoCompletoEmCongresso	Antonio Carlos da Rocha Costa	2006		Computing Linear and Nonlinear Normal Modes under Interval (and Fuzzy) Uncertainty	NORTH AMERICAN FUZZY INFORMATION PROCESSING SOCIETY CONFERENCE	KOSHELEVA, Olga ; SHPAK, Max ; CAMPOS, Marcilia Andrade ; DIMURO, Graçaliz Pereira ; COSTA, A. C. R.	B2	North American Fuzzy Information Processing Society International Conference
trabalhoCompletoEmCongresso	Antonio Carlos da Rocha Costa	2006		Centralized Regulation of Social Exchanges between Personality-based Agents	Coordination	DIMURO, Graçaliz Pereira ; COSTA, A. C. R. ; Gonçalves, L. V. ; Hübner, A.	Qualis nao identificado	Coordination
trabalhoCompletoEmCongresso	Antonio Carlos da Rocha Costa	2006		Fuzzy Rule-Based Hand Gestures Recognition for Sign Language Processing	Workshop on Computacional In telligence in (WCI'06) in International Joint Conference	BEDREGAL, Benjamin René Callejas ; DIMURO, Graçaliz Pereira ; COSTA, A. C. R.	Qualis nao identificado	Workshop on Computacional In telligence in (WCI'06) in International Joint Conference
trabalhoCompletoEmCongresso	Antonio Carlos da Rocha Costa	2006	http://dx.doi.org/10.1007/11925231_106	Regulating Social Exchanges between Personality-based Non-transparent Agents	5th Mexican Internation al Conference on Artificial Intelligence	DIMURO, Graçaliz Pereira ; COSTA, A. C. R. ; Gonçalves, L. V. ; Hübner, A.	B2	Mexican International Conference on Artificial Inteligence
trabalhoCompletoEmCongresso	Antonio Carlos da Rocha Costa	2006		Towards a Quantum Computational Geometry	Workshop-Escola de Computação e Informação Quântica	COSTA, A. C. R. ; DIMURO, Graçaliz Pereira ; VIZZOTO, Juliana Kaiser ; REISER, Renata Hax Sander	Qualis nao identificado	Workshop-Escola de Computação e Informação Quântica
trabalhoCompletoEmCongresso	Antonio Carlos da Rocha Costa	2006		Spatially Distributed Normative Objects	Coordination	OKUYAMA, Fabio Yoshimitsu ; BORDINI, Rafael Heitor ; COSTA, A. C. R.	Qualis nao identificado	Coordination
trabalhoCompletoEmCongresso	Antonio Carlos da Rocha Costa	2006		Towards Quantum Haskell via Quantum Arrows	Workshop-Escola de Computação e Informação Quântica	VIZZOTO, Juliana Kaiser ; COSTA, A. C. R.	Qualis nao identificado	Workshop-Escola de Computação e Informação Quântica
trabalhoCompletoEmCongresso	Antonio Carlos da Rocha Costa	2006		CV-Muzar: Incentivando a aprendizagem informal em museus com o uso da tecnologia de comunidades virtuais	XVII Simpósio de Informática na Educação	BERTOLETTI-DE-MARCHI, Ana Carolina ; COSTA, A. C. R.	B2	Simpósio Brasileiro de Informática na Educação
trabalhoCompletoEmCongresso	Antonio Carlos da Rocha Costa	2006		CV-Muzar: Um Ambiente de Apoio à Aprendizagem Informal em Museus através de um Entendimento do Aprender baseado na Comunicação e na Linguagem	VIII Congresso Iberoamericano de Informatica Educativa	BERTOLETTI-DE-MARCHI, Ana Carolina ; COSTA, A. C. R. ; MORAES, Roque	B4	Congresso Ibero Americano de Informática Educativa
trabalhoCompletoEmCongresso	Antonio Carlos da Rocha Costa	2006		Simulation of Social Processes Based on BDI Agents With Support to Exchange Values	JIISIC'06 - V Jornadas Iberoamericanas de Ingeniería de Software e Ingeniería del Conocimiento	DIAS, Aurélio Magalhães ; COSTA, A. C. R.	B4	Jornadas Iberoamericanas de Ingeniería de Software e Ingeniería del Conocimiento
trabalhoCompletoEmCongresso	Antonio Carlos da Rocha Costa	2006		Quantum Arrows in Haskell	4th International Workshop on Quantum Programming Languages	VIZZOTTO, J. K. ; COSTA, A. C. R. ; Sabry, A.	Qualis nao identificado	4th International Workshop on Quantum Programming Languages
trabalhoCompletoEmCongresso	Antonio Carlos da Rocha Costa	2006		An Ontology for Defining Environments within Multi-Agent Simulations	WOMSDE 2006 - First Workshop on Ontologies and Metamodels in Software Engineering	OKUYAMA, Fabio Yoshimitsu ; COSTA, A. C. R. ; BORDINI, R. H.	B4	Workshop on Ontologies and Metamodels in Software Engineering WOMSDE)
trabalhoCompletoEmCongresso	Antonio Carlos da Rocha Costa	2006		PDA Sign Language Editor	IASTED International Conference and Advanced Techbology in Education	Vargas, B. M. ; Antunes, M. S. ; LUZZARDI, Paulo Roberto Gomes ; COSTA, A. C. R. ; DUARTE, Glaucius Décio ; CAVA, Ricardo Andrade	B4	IASTED International Conference on Computers and Advanced Technology in Education
trabalhoCompletoEmCongresso	Antonio Carlos da Rocha Costa	2006		Editor da Língua de Sinais para PDA's	IV Congresso IBERDISCAP: Tecnologias de Apoio a Portadores de Deficiência	Antunes, M. S. ; Vargas, B. M. ; DUARTE, Glaucius Décio ; COSTA, A. C. R. ; LUZZARDI, Paulo Roberto Gomes ; CAVA, Ricardo Andrade	Qualis nao identificado	IV Congresso IBERDISCAP: Tecnologias de Apoio a Portadores de Deficiência
trabalhoCompletoEmCongresso	Antonio Carlos da Rocha Costa	2006	http://dx.doi.org/10.1109/jva.2006.23	HPC-ICTM: a Parallel Model for Geographic Categorization	IEEE John Vincent Atanasoff 2006 International Symposium on Modern Computing (JVA'06)	SILVA, Rafael Krolow Santos ; ROSE, César de ; AGUIAR, Marilton Sanchotene de ; DIMURO, Graçaliz Pereira ; COSTA, A. C. R.	Qualis nao identificado	IEEE John Vincent Atanasoff 2006 International Symposium on Modern Computing (JVA'06)
trabalhoCompletoEmCongresso	Antonio Carlos da Rocha Costa	2006		Quantifying Degrees of Dependence in Social Dependence Relations	Seventh International Workshop on Multi-Agent-Based Simulation	COSTA, A. C. R. ; DIMURO, Graçaliz Pereira	B3	International Workshop on Multi Agent Based Simulation
trabalhoCompletoEmCongresso	Antonio Carlos da Rocha Costa	2006		Um Ambiente de Apoio à Aprendizagem Informal em Museus através de um Entendimento do Aprender baseado na Comunicação e na Linguagem	RBIE VIII - Congresso Iberoamericano de Informatica Educativa	MARCHI, Ana Carolina Bertoletti de ; COSTA, A. C. R. ; MORAES, Roque	B4	Congresso Ibero Americano de Informática Educativa
trabalhoCompletoEmCongresso	Antonio Carlos da Rocha Costa	2005		Exchange Values and Self-Regulation of Exchanges in Multi-Agent Systems: the provisory, centralized model	FOURTH INTERNATIONAL JOINT CONFERENCE ON AUTONOMOUS AGENTS AND MULTIAGENT SYSTEMS/WS16 ENGENEERING SEL-ORGANIZATIONS APPLICATIONS ESOA 2005	DIMURO, Graçaliz Pereira ; COSTA, A. C. R.	Qualis nao identificado	FOURTH INTERNATIONAL JOINT CONFERENCE ON AUTONOMOUS AGENTS AND MULTIAGENT SYSTEMS/WS16 ENGENEERING SEL-ORGANIZATIONS APPLICATIONS ESOA 2005
trabalhoCompletoEmCongresso	Antonio Carlos da Rocha Costa	2005		Interactive Computation: Stepping Stone in the Pathway From Classical to Developmental Computation	EUROPEAN JOINT CONFERENCES ON THEORY AND PRACTICE OF SOFTWARE 2005/WORKSHOP ON THE FOUNDATIONS OF INTERACTIVE COMPUTATION	COSTA, A. C. R. ; DIMURO, Graçaliz Pereira	Qualis nao identificado	EUROPEAN JOINT CONFERENCES ON THEORY AND PRACTICE OF SOFTWARE 2005/WORKSHOP ON THE FOUNDATIONS OF INTERACTIVE COMPUTATION
trabalhoCompletoEmCongresso	Antonio Carlos da Rocha Costa	2005		On the Relation Inclusion of Zonotopes in the Plane	THIRTY FOURTH SPRING CONFERENCE OF THE UNION OF BULGARIAN MATHEMATICIANS	MARKOV, Svetoslav ; COSTA, A. C. R. ; DIMURO, Graçaliz Pereira	Qualis nao identificado	THIRTY FOURTH SPRING CONFERENCE OF THE UNION OF BULGARIAN MATHEMATICIANS
trabalhoCompletoEmCongresso	Antonio Carlos da Rocha Costa	2005		Qualitative Markov Decision Processes and the Coordination of Social Exchanges in Multi-Agent Systems	WORKSHOP ON GAME THEORETIC AND DECISION THEORETIC AGENTS/NINETEENTH INTERNATIONAL JOINT CONFERENCES IN ARTIFICIAL INTELIGENCE	DIMURO, Graçaliz Pereira ; COSTA, A. C. R.	Qualis nao identificado	WORKSHOP ON GAME THEORETIC AND DECISION THEORETIC AGENTS/NINETEENTH INTERNATIONAL JOINT CONFERENCES IN ARTIFICIAL INTELIGENCE
trabalhoCompletoEmCongresso	Antonio Carlos da Rocha Costa	2005		Improvisational Directors and Creative Processes in Multi-Agent Systems	WORKSHOP ON COMPUTATIONAL CREATIVITY/INTERNATIONAL JOINT CONFERENCES IN ARTIFICIAL INTELIGENCE	MORAES, Márcia Cristina ; COSTA, A. C. R.	Qualis nao identificado	WORKSHOP ON COMPUTATIONAL CREATIVITY/INTERNATIONAL JOINT CONFERENCES IN ARTIFICIAL INTELIGENCE
trabalhoCompletoEmCongresso	Antonio Carlos da Rocha Costa	2005		Improvisational Multi-Agent Organization: Using Director Agent to Coordinate Improvisational Agents	IAT 2005 - IEEE/WIC/ACM Intl. Joint Conf. on Intelligent Agent Technology	MORAES, Márcia Cristina ; COSTA, A. C. R.	Qualis nao identificado	IAT 2005 - IEEE/WIC/ACM Intl. Joint Conf. on Intelligent Agent Technology
trabalhoCompletoEmCongresso	Antonio Carlos da Rocha Costa	2005		Probabilidades Intervalares em Modelos Ocultos de Markov	XXVIII Congresso Nacional de Matemática Aplicada e Computacional	SANTOS, André Vinícius dos ; DIMURO, Graçaliz Pereira ; BARBOZA, Luciano Vitoria ; REISER, Renata Hax Sander ; COSTA, A. C. R. ; CAMPOS, Marcília Andrade	B4	Congresso Nacional de Matemática Aplicada e Computacional
trabalhoCompletoEmCongresso	Antonio Carlos da Rocha Costa	2005		Enhancing Interaction Through Improvisational Interface Agents	8th IFIP World Conference on Computers in Education	MORAES, Márcia Cristina ; COSTA, A. C. R.	B4	IFIP World Conference on Computers in Education
trabalhoCompletoEmCongresso	Antonio Carlos da Rocha Costa	2005		Objective Degrees of Dependence in Social Dependence Relations	12TH PORTUGUESE CONFERENCE ON ARTIFICIAL INTELLIGENCE	COSTA, A. C. R. ; DIMURO, Graçaliz Pereira	A1	Conference on Artificial Inteligence
trabalhoCompletoEmCongresso	Antonio Carlos da Rocha Costa	2005		Concurrent Quantum Programming in Haskell	VII Congresso Brasileiro de Redes Neurais	VIZZOTO, Juliana Kaiser ; COSTA, A. C. R.	B3	Simpósio Brasileiro de Redes Neurais
trabalhoCompletoEmCongresso	Antonio Carlos da Rocha Costa	2005		Estendendo o Modelo de Máquina Geométrica a um Ambiente de Programação Visual	XXXI Conferencia Latinoamericana de Informatica	PRESTES, Diego Galho ; REISER, Renata Hax Sander ; CARDOSO, Marcos Borba ; COSTA, A. C. R.	B4	Conferencia Latinoamericana de Informática
trabalhoCompletoEmCongresso	Antonio Carlos da Rocha Costa	2005		GROA - A System for the Management of Learning Objects Repositories	The 8th IFIP World Conference on Computers in Education	MIRANDA, Raquel Mello de ; COSTA, A. C. R.	B4	IFIP World Conference on Computers in Education
trabalhoCompletoEmCongresso	Antonio Carlos da Rocha Costa	2004		A Learning Objects Repository Management System for Museum Education	Museums and the Web 2005	BERTOLETTI-DE-MARCHI, Ana Carolina ; BARBOSA, R. M. ; COSTA, A. C. R.	Qualis nao identificado	Museums and the Web 2005
trabalhoCompletoEmCongresso	Antonio Carlos da Rocha Costa	2004		A Sign Matching Technique to Support Searches in Sign Language Texts	4th International Conference on Language Resourcesand Evaluation/Workshop on the Representation and Processing of Sign Languages	COSTA, A. C. R. ; DIMURO, Graçaliz Pereira ; FREITAS, Juliano Balestra de	Qualis nao identificado	4th International Conference on Language Resourcesand Evaluation/Workshop on the Representation and Processing of Sign Languages
trabalhoCompletoEmCongresso	Antonio Carlos da Rocha Costa	2004		HPC-ICTM: the interval categorizer tesselation-based model for high perfomance computing	Workshop on State-of-the-Art in Scientific Computing/Mini-Symposium on Interval Methods	AGUIAR, Marilton Sanchotene de ; DIMURO, Graçaliz Pereira ; COSTA, A. C. R. ; KREINOVICH, Vladik ; SILVA, Rafael Krolow Santos	Qualis nao identificado	Workshop on State-of-the-Art in Scientific Computing/Mini-Symposium on Interval Methods
trabalhoCompletoEmCongresso	Antonio Carlos da Rocha Costa	2004		Interval-Based Markov Decision Processes for Planning Interactions in Multi-Agent Systems	Workshop on State-of-the-Art in Scientific Computing/Mini-Symposium on Interval Methods	DIMURO, Graçaliz Pereira ; COSTA, A. C. R.	Qualis nao identificado	Workshop on State-of-the-Art in Scientific Computing/Mini-Symposium on Interval Methods
trabalhoCompletoEmCongresso	Antonio Carlos da Rocha Costa	2004		The Distributed Version of the Interval Geometric Machine	Workshop on State-of-the-Art in Scientific Computing/Mini-Symposium on Interval Methods	REISER, Renata Hax Sander ; DIMURO, Graçaliz Pereira ; COSTA, A. C. R. ; AGUIAR, Marilton Sanchotene de	Qualis nao identificado	Workshop on State-of-the-Art in Scientific Computing/Mini-Symposium on Interval Methods
trabalhoCompletoEmCongresso	Antonio Carlos da Rocha Costa	2004		Modelling Measurements as Timed Information Processes in Simplex Domains	10th IMEKO International Symposium Advanves on Measurement Sciences	DIMURO, Graçaliz Pereira ; COSTA, A. C. R. ; KREINOVICH, Vladik	Qualis nao identificado	10th IMEKO International Symposium Advanves on Measurement Sciences
trabalhoCompletoEmCongresso	Antonio Carlos da Rocha Costa	2004		ELMS: An Environment Description Language for Multi-Agent Simulations 	First International Workshop on Environments for Multiagent Systems/Third International Joint Conference on Autonomous Agents and Multiagent Systems	OKUYAMA, Fabio Yoshimitsu ; BORDINI, Rafael Heitor ; COSTA, A. C. R.	B4	International Workshop on Environments for Multiagent Systems
trabalhoCompletoEmCongresso	Antonio Carlos da Rocha Costa	2004		The Case for Using Exchange Values in the Modelling of Collaborative Learning Interaction	7th International Conference on Intelligent Tutoring Systems/2nd International Workshop on Designing Computational Models of Collaborative Learning Interaction	COSTA, A. C. R. ; DIMURO, Graçaliz Pereira	Qualis nao identificado	7th International Conference on Intelligent Tutoring Systems/2nd International Workshop on Designing Computational Models of Collaborative Learning Interaction
trabalhoCompletoEmCongresso	Antonio Carlos da Rocha Costa	2004		Virtual Learning Communities Based on Piaget's Social Interaction Theory and Supported by Peer-to-Peer Networks	7th International Conference on Intelligent Tutoring Systems/International Workshop on Social and Emotional Intelligemce in Learning Envoronments	SILVA, Letícia Garcia da ; COSTA, A. C. R. ; FRANCO, Sergio Roberto Leilling	Qualis nao identificado	7th International Conference on Intelligent Tutoring Systems/International Workshop on Social and Emotional Intelligemce in Learning Envoronments
trabalhoCompletoEmCongresso	Antonio Carlos da Rocha Costa	2004		An Algotithm for the Obtainment of an Intersection Graph of Scan Lines for the Determination of Similarities Between Two Monochrome Two Dimensional Forms	7th International Conference on Intelligent Tutoring Systems/International Workshop on Distance Learning Environments for Digital Graphic Representation	DUARTE, Glaucius Décio ; LUZZARDI, Paulo Roberto Gomes ; CAVA, Ricardo Andrade ; COSTA, A. C. R.	Qualis nao identificado	7th International Conference on Intelligent Tutoring Systems/International Workshop on Distance Learning Environments for Digital Graphic Representation
trabalhoCompletoEmCongresso	Antonio Carlos da Rocha Costa	2004		Descrevendo as Ferramentas Disponíveis no Ambiente de Ensino ENSINET	XIX Taller Internacional de Software Educativo	SOUZA, Diego Lemos de ; COSTA, A. C. R. ; DIMURO, Graçaliz Pereira	B4	Taller Internacional de Software Educativo
trabalhoCompletoEmCongresso	Antonio Carlos da Rocha Costa	2004		Real-Life Learning in Virtual Communities of Technology	IFIP INFORMATION AND COMMUNICATION TECHNOLOGIES AND REAL LIFE LEARNING	PALAZZO, Luiz Antônio Moro ; COSTA, A. C. R. ; DIMURO, Graçaliz Pereira ; SCHIRMBECK, Fernando	Qualis nao identificado	IFIP INFORMATION AND COMMUNICATION TECHNOLOGIES AND REAL LIFE LEARNING
trabalhoCompletoEmCongresso	Antonio Carlos da Rocha Costa	2004		The Multi-Layered Interval Categorizer Tesselation-Based Model	VI BRAZILIAN SYMPOSIUM GEOINFORMATICS	AGUIAR, Marilton Sanchotene de ; DIMURO, Graçaliz Pereira ; COSTA, A. C. R. ; SILVA, Rafael Krolow Santos ; COSTA, Fábia Amorim da ; KREINOVICH, Vladik	B4	Brazilian Symposium on Bioinformatics
trabalhoCompletoEmCongresso	Antonio Carlos da Rocha Costa	2004		MT/M-LOM- UMA PROPOSTA DE AMBIENTE PARA AUXILIAR A APRENDIZAGEM EM MUSEUS	VII Congresso IberoAmericano de Informátca Educativa	BERTOLETTI-DE-MARCHI, Ana Carolina ; COSTA, A. C. R.	B4	Congresso Ibero Americano de Informática Educativa
trabalhoCompletoEmCongresso	Antonio Carlos da Rocha Costa	2004		Estruturação de Objetos de Aprendizagem no Sistema GROA	VII Congresso IberoAmericano de Informátca Educativa	MIRANDA, Raquel Mello de ; COSTA, A. C. R.	B4	Congresso Ibero Americano de Informática Educativa
trabalhoCompletoEmCongresso	Antonio Carlos da Rocha Costa	2004		AGENTES IMPROVISACIONAIS DE INTERFACE: APERFEIÇOANDO A INTERAÇÃO ATRAVÉS DA ANALOGIA POR SIMILARIDADE	VII Congresso IberoAmericano de Informátca Educativa	MORAES, Márcia Cristina ; COSTA, A. C. R.	B4	Congresso Ibero Americano de Informática Educativa
trabalhoCompletoEmCongresso	Antonio Carlos da Rocha Costa	2004		Proposta de uma Metodologia para Modelagem de Sistemas Especialistas em Construção Civil	X Congreso Argentino de Ciencias da la Computacion	DUARTE, Glaucius Décio ; COSTA, A. C. R.	Qualis nao identificado	X Congreso Argentino de Ciencias da la Computacion
trabalhoCompletoEmCongresso	Antonio Carlos da Rocha Costa	2004		Utilização de Mapas de Tópicos para estruturação cognitiva de objetos de aprendizagem no sistema GROA	Taller Internacional de Software Educativo	MIRANDA, Raquel Mello de ; COSTA, A. C. R.	B4	
trabalhoCompletoEmCongresso	Antonio Carlos da Rocha Costa	2003		A Programming Language for the Interval Geometric Machine	10TH WORKSHOP ON LOGIC	REISER, Renata Hax Sander ; COSTA, A. C. R. ; DIMURO, Graçaliz Pereira	Qualis nao identificado	10TH WORKSHOP ON LOGIC
trabalhoCompletoEmCongresso	Antonio Carlos da Rocha Costa	2003		ENSINET: uma Solução Software Livre para Apoio ao Ensino Semi-Presencial utilizando a Internet	IV WORKSHOP DE SOFTWARE LIVRE	BASTOS, Eduardo Nunes ; COSTA, A. C. R. ; DIMURO, Graçaliz Pereira	Qualis nao identificado	IV WORKSHOP DE SOFTWARE LIVRE
trabalhoCompletoEmCongresso	Antonio Carlos da Rocha Costa	2003		SignWriting and SWML: Paving the Way to Sign Language Processing	TRAITEMENT AUTOMATIQUE DES LANGUES NATURELLES/WORKSHOP ON NATURAL LANGUAGE PROCESSING OF MINORITY LANGUAGES AND SMALL LANGUAGES	COSTA, A. C. R. ; DIMURO, Graçaliz Pereira	Qualis nao identificado	TRAITEMENT AUTOMATIQUE DES LANGUES NATURELLES/WORKSHOP ON NATURAL LANGUAGE PROCESSING OF MINORITY LANGUAGES AND SMALL LANGUAGES
trabalhoCompletoEmCongresso	Antonio Carlos da Rocha Costa	2003		A System of Exchange Values to Support Social Interactions in Artificial Societes	2nd. Int. Conf. on Autonomous Agents and Multiagent Systems	RODRIGUES, Maira Ribeiro ; COSTA, A. C. R. ; BORDINI, Rafael	A1	International Joint Conference on Autonomous Agents and Multiagents Systems
trabalhoCompletoEmCongresso	Antonio Carlos da Rocha Costa	2003		Using Qualitative Exchange Values to Improve the Modelling of Social Interactions	4th Work. on Agent Based Simulation	RODRIGUES, Maira Ribeiro ; COSTA, A. C. R.	Qualis nao identificado	4th Work. on Agent Based Simulation
trabalhoCompletoEmCongresso	Antonio Carlos da Rocha Costa	2003		Uma Ferramenta Baseada em Autômatos Celulares Intervalares para para a Categorização de Áreas Geográficas Conforme a Declividade 	I Workshop de Tecnologia da Informação Aplicada ao Meio Ambiente/III Congresso Brasileiro de Computação	SILVA, Rafael Krolow Santos ; COSTA, Fábia Amorim da ; AGUIAR, Marilton Sanchotene de ; DIMURO, Graçaliz Pereira ; COSTA, A. C. R.	Qualis nao identificado	I Workshop de Tecnologia da Informação Aplicada ao Meio Ambiente/III Congresso Brasileiro de Computação
trabalhoCompletoEmCongresso	Antonio Carlos da Rocha Costa	2003		Specifying the Geometric Machine Visual Language	2003 IEEE Symposium on Visual Languages and Formal Methods	REISER, Renata Hax Sander ; COSTA, A. C. R. ; DIMURO, Graçaliz Pereira ; CARDOSO, Marcos Borba	B4	Symposium on Visual Languages and Formal Methods
trabalhoCompletoEmCongresso	Antonio Carlos da Rocha Costa	2003		Topo-ICTM: Uma Ferramenta para Categorização Topográfica Baseada no Modelo de Tesselação Intervalar 	XXIX Conferencia Latinoamericana de Informatica	SILVA, Rafael Krolow Santos ; AGUIAR, Marilton Sanchotene de ; DIMURO, Graçaliz Pereira ; COSTA, Fábia Amorim da ; COSTA, A. C. R.	B4	Conferencia Latinoamericana de Informática
trabalhoCompletoEmCongresso	Antonio Carlos da Rocha Costa	2003		Utilizando a Programação Visual no Modelo de Máquina Geométrica 	XXIX Conferencia Latinoamericana de Informatica	REISER, Renata Hax Sander ; CARDOSO, Marcos Borba ; COSTA, A. C. R. ; DIMURO, Graçaliz Pereira	B4	Conferencia Latinoamericana de Informática
trabalhoCompletoEmCongresso	Antonio Carlos da Rocha Costa	2003		Experimentos Computacionais com Grupamentos Lógico-Matemáticos de Jean Piaget	XIV Simpósio Brasileiro de Informática na Educação	RIZZI, Claudia Brandelero ; DONADUZZI, Sílvia Jenny ; WELTER, Rafael ; COSTA, A. C. R. ; FRANCO, Sérgio Roberto Kieling	B2	Simpósio Brasileiro de Informática na Educação
trabalhoCompletoEmCongresso	Antonio Carlos da Rocha Costa	2003		SAEP-NET - Sistema de Apoio ao Educar pela Pesquisa na Internet	XIV Simpósio Brasileiro de Informática na Educação	BERTOLETTI, Ana Carolina ; MORAES, Márcia Cristina ; MORAES, Roque ; COSTA, A. C. R.	B2	Simpósio Brasileiro de Informática na Educação
trabalhoCompletoEmCongresso	Antonio Carlos da Rocha Costa	2003		Um Estudo sobre Especificações e Padrões de Metadados para Objetos de Aprendizagem	VII Oficina de Inteligência Artificial	MIRANDA, Raquel Mello de ; COSTA, A. C. R.	Qualis nao identificado	VII Oficina de Inteligência Artificial
trabalhoCompletoEmCongresso	Antonio Carlos da Rocha Costa	2003		Possíveis Aplicações da Psicologia de Kurt Lewin aos Sistemas Multiagentes	VII Oficina de Inteligência Artificial	COSTA, A. C. R.	Qualis nao identificado	VII Oficina de Inteligência Artificial
trabalhoCompletoEmCongresso	Antonio Carlos da Rocha Costa	2003		A Proposal for Structuring the Coordination Space of Multiagent Systems 	XXIII International Conference of the Chilean Computer Science Society	MORAES, Márcia Cristina ; COSTA, A. C. R.	B3	International Conference of the Chilean Computer Science Society
trabalhoCompletoEmCongresso	Antonio Carlos da Rocha Costa	2003		Estruturando o Espaço de Coordenação de Sistemas Multiagentes 	IV Encontro Nacional de Inteligência Artificial	MORAES, Márcia Cristina ; COSTA, A. C. R.	B4	Encontro Nacional de Intelig
trabalhoCompletoEmCongresso	Antonio Carlos da Rocha Costa	2003		A New Differential Formalism for Interval-Valued Functions and Its Potential Use in Detecting 1-D Landscape Features	International Conference on Intelligent Technologies	KREINOVICH, Vladik ; NGUYEN, Hung T ; DIMURO, Graçaliz Pereira ; COSTA, A. C. R. ; BEDREGAL, Benjamin René Callejas	B3	International Conference on Parsing Technologies
trabalhoCompletoEmCongresso	Antonio Carlos da Rocha Costa	2003		Education through research: a new approach for the development and use of educational systems	The IASTED International Conference on Computers and Advanced Technology in Education	MORAES, Márcia Cristina ; BERTOLETTI, Ana Carolina ; COSTA, A. C. R. ; MORAES, Roque	B4	IASTED International Conference on Computers and Advanced Technology in Education
trabalhoCompletoEmCongresso	Antonio Carlos da Rocha Costa	2001		Evaluating Usability of SAGRES Virtual Museum Considering Ergonomic Aspects and Virtual Guides	7th World Conference on Computers in Education - WCCE	MORAES, Márcia Cristina ; BERTOLETTI, Ana Carolina ; COSTA, A. C. R.	B4	IFIP World Conference on Computers in Education
trabalhoCompletoEmCongresso	Antonio Carlos da Rocha Costa	2002		Sites Internos Adaptativos para o Sistema ENSINET	III Workshop de Software Livre	DIMURO, Graçaliz Pereira ; COSTA, A. C. R. ; PALAZZO, Luiz Antônio Moro ; MIRANDA, Raquel Mello	Qualis nao identificado	III Workshop de Software Livre
trabalhoCompletoEmCongresso	Antonio Carlos da Rocha Costa	2002		Towards an Automata-Based Navigational Model for the Specification of Web Sites	5th Workshop on Formal Methods	DIMURO, Graçaliz Pereira ; COSTA, A. C. R.	Qualis nao identificado	5th Workshop on Formal Methods
trabalhoCompletoEmCongresso	Antonio Carlos da Rocha Costa	2002		Comunidades Virtuais de Formação Tecnológica: fundamentação pedagógica e metodologia de construção	Simpósio Brasileiro de Informática na Educação	PALAZZO, Luiz Antônio Moro ; COSTA, A. C. R. ; DIMURO, Graçaliz Pereira ; SCHIRMBECK, Fernando	B2	
trabalhoCompletoEmCongresso	Antonio Carlos da Rocha Costa	2002		Editor para Textos Escritos em SignWriting	XXVIII Conferencia Latinoamericana de Informática	TORCHELSEN, R. P. ; COSTA, A. C. R. ; DIMURO, Graçaliz Pereira	B4	Conferencia Latinoamericana de Informática
trabalhoCompletoEmCongresso	Antonio Carlos da Rocha Costa	2002		Modelos de Markov e Aplicações 	VI Oficina de Inteligência Artificial	DIMURO, Graçaliz Pereira ; COSTA, A. C. R. ; REISER, Renata Hax Sander ; SOUZA, P. L. R.	Qualis nao identificado	VI Oficina de Inteligência Artificial
trabalhoCompletoEmCongresso	Antonio Carlos da Rocha Costa	2002		Uma Estrutura Formal Normativa para Sistemas Computacionais 	VI Oficina de Inteligência Artificial	COSTA, A. C. R. ; DIMURO, Graçaliz Pereira	Qualis nao identificado	VI Oficina de Inteligência Artificial
trabalhoCompletoEmCongresso	Antonio Carlos da Rocha Costa	2002		How Planning Becomes Improvisation? - A Constraint Based Approach for Director Agents in Improvisational Systems	XVI Brazilian Symposium on Artificial Intelligence	MORAES, Márcia Cristina ; COSTA, A. C. R.	B2	Brazilian Symposium on Artificial Inteligence
trabalhoCompletoEmCongresso	Antonio Carlos da Rocha Costa	2001		Supporting Deaf Sign Languages in Written Form on the Web	10TH WORLD WIDE WEB CONFERENCE	COSTA, A. C. R. ; DIMURO, Graçaliz Pereira	Qualis nao identificado	10TH WORLD WIDE WEB CONFERENCE
trabalhoCompletoEmCongresso	Antonio Carlos da Rocha Costa	2001		Um Ambiente de Suporte ao Ensino Integrado dos Fundamentos Matemáticos da Ciência da Computação utilizando o ZOPE	WORKSHOP DE SOFTWARE LIVRE 2001	MIRANDA, Raquel Mello ; DIMURO, Graçaliz Pereira ; COSTA, A. C. R.	Qualis nao identificado	WORKSHOP DE SOFTWARE LIVRE 2001
trabalhoCompletoEmCongresso	Antonio Carlos da Rocha Costa	2001		Um Editor de Provas para a Lógica Proposional	XXVII CONFERÊNCIA LATINOAMERICANA DE INFORMATICA	ALVES, G. V. ; DIMURO, Graçaliz Pereira ; COSTA, A. C. R.	B4	Conferencia Latinoamericana de Informática
trabalhoCompletoEmCongresso	Antonio Carlos da Rocha Costa	2001		Providing Personal Assistance in the SAGRES Virtual Museum	Museums and the Web 2001	BERTOLETTI, Ana Carolina ; MORAES, Márcia Cristina ; COSTA, A. C. R.	Qualis nao identificado	Museums and the Web 2001
trabalhoCompletoEmCongresso	Antonio Carlos da Rocha Costa	2001		Autômatos Celulares para Análise da Monotonicidade da Declividade de Áreas Geológicas	III Workshop Brasileiro de GeoInformática	AGUIAR, Marilton Sanchotene de ; COSTA, A. C. R.	B3	Simpósio Brasileiro de Geoinformática
trabalhoCompletoEmCongresso	Antonio Carlos da Rocha Costa	2001		Avaliação do Módulo de Aprendizagem do Museu Virtual SAGRES quanto a Usabilidade de um Software Educacional	Simpósio Brasileiro de Informática na Educação	BERTOLETTI, Ana Carolina ; MORAES, Márcia Cristina ; COSTA, A. C. R.	B2	
trabalhoCompletoEmCongresso	Antonio Carlos da Rocha Costa	2001		Reutilizando Provadores de Teoremas através de Mapeamentos entre Instituicoes	IV Workshop on Formal Methods	VIZZOTTO, J. K. ; MARTINI, A. ; COSTA, A. C. R.	Qualis nao identificado	IV Workshop on Formal Methods
trabalhoCompletoEmCongresso	Antonio Carlos da Rocha Costa	2001		Estudo e Avaliação da Usabilidade de Agentes Improvisacionais de Interface	Info2001-IHC	MORAES, Márcia Cristina ; BERTOLETTI, Ana Carolina ; COSTA, A. C. R.	Qualis nao identificado	Info2001-IHC
trabalhoCompletoEmCongresso	Antonio Carlos da Rocha Costa	2001		Some Experiences Connecting Functional Languages and Java	3rd Scottish Functional Programming Workshop	BOIS, André Rauber Du ; COSTA, A. C. R.	Qualis nao identificado	3rd Scottish Functional Programming Workshop
trabalhoCompletoEmCongresso	Antonio Carlos da Rocha Costa	2000		A first attempt at giving a domain-theoretic model for machine development	WAIT 2000 - WORKSHOP ARGENTINO DE INFORMÁTICA/XXIX JORNADAS ARGENTINAS DE INFORMÁTICA E INVESTIGACIÓN OPERATIVA	DIMURO, Graçaliz Pereira ; COSTA, A. C. R.	Qualis nao identificado	WAIT 2000 - WORKSHOP ARGENTINO DE INFORMÁTICA/XXIX JORNADAS ARGENTINAS DE INFORMÁTICA E INVESTIGACIÓN OPERATIVA
trabalhoCompletoEmCongresso	Antonio Carlos da Rocha Costa	2000		Materiais Didáticos Interativos para o Ensino Integrado dos Fundamentos da Computação	CLEI 2000 - CONFERENCIA LATINOAMERICANA DE INFORMATICA	ALVES, G. V. ; MIRANDA, Raquel Mello ; ISLABÃO, Márcia Hafelle ; DIMURO, Graçaliz Pereira ; COSTA, A. C. R. ; DUARTE, Glaucius Décio	B4	Conferencia Latinoamericana de Informática
trabalhoCompletoEmCongresso	Antonio Carlos da Rocha Costa	2000		Functional Beans	9th International Workshop on Functional and Logic Programming (WFLP'2000)	BOIS, André Rauber Du ; COSTA, A. C. R.	B4	International Workshop on Functional and Constraint) Logic Programming
trabalhoCompletoEmCongresso	Antonio Carlos da Rocha Costa	2000		Improvisational Interface Agents for E-Commerce Systems	International ICSC Congress on Intelligent Systems Applications/Multi-Agents and Mobile Agents in Virtual Organizations and E-Commerce	COSTA, A. C. R. ; MORAES, Márcia Cristina ; RODRIGUES, M. R.	Qualis nao identificado	International ICSC Congress on Intelligent Systems Applications/Multi-Agents and Mobile Agents in Virtual Organizations and E-Commerce
trabalhoCompletoEmCongresso	Antonio Carlos da Rocha Costa	1999		Deriving um-recursive functions from some categories of unary systems	2. Workshop de Métodos Formais	REISER, Renata Hax Sander ; DIMURO, Graçaliz Pereira ; COSTA, A. C. R.	Qualis nao identificado	2. Workshop de Métodos Formais
trabalhoCompletoEmCongresso	Antonio Carlos da Rocha Costa	1999		Virtual guides to assist visitors in the SAGRES Virtual Museum	SCCC'99 - XIX International Conference of the Chilean Computer Science Society	MORAES, Márcia Cristina ; BERTOLETTI, Ana Carolina ; COSTA, A. C. R.	B3	International Conference of the Chilean Computer Science Society
trabalhoCompletoEmCongresso	Antonio Carlos da Rocha Costa	1999		Uma arquitetura multiagente par apoiar a visitação de museus virtuais	XXV CLEI - Conferência Latino-americana de Informática	MORAES, Márcia Cristina ; COSTA, A. C. R.	B4	Conferencia Latinoamericana de Informática
trabalhoCompletoEmCongresso	Antonio Carlos da Rocha Costa	1999		A Construção de Representações Globais em Espaços Coerentes Bi-estruturados, com aplicação em Computação Científica	XXV CLEI - Conferencia Latinoamericana de Informatica	DIMURO, Graçaliz Pereira ; COSTA, A. C. R. ; CLAUDIO, D. M.	B4	Conferencia Latinoamericana de Informática
trabalhoCompletoEmCongresso	Antonio Carlos da Rocha Costa	1999		Museu Virtual SAGRES: incorporando agentes de software para apoiar a visitação	XXVI Seminário Integrado de Software e Hardware	BERTOLETTI, Ana Carolina ; MORAES, Márcia Cristina ; COSTA, A. C. R.	B4	Seminário Integrado de Software e Hardware
trabalhoCompletoEmCongresso	Antonio Carlos da Rocha Costa	1999		SAGRES - A Virtual Museum	Museums and the Web 1999	BERTOLETTI, Ana Carolina ; COSTA, A. C. R.	Qualis nao identificado	Museums and the Web 1999
trabalhoCompletoEmCongresso	Antonio Carlos da Rocha Costa	1999		A bi-structured coherence space for a global representation of the system IR of real intervals	International Conference on Information Technology	DIMURO, Graçaliz Pereira ; COSTA, A. C. R. ; CLAUDIO, D. M.	B3	International Conference on Information Technology Based Higher Education and Training
trabalhoCompletoEmCongresso	Antonio Carlos da Rocha Costa	1999		The SAGRES virtual museum with software agents to stimulate the visiting of museums	WebNet'99 -World Conference on the WWW and Internet	MORAES, Márcia Cristina ; BERTOLETTI, Ana Carolina ; COSTA, A. C. R.	B2	World Conference on the WWW and Internet
trabalhoCompletoEmCongresso	Antonio Carlos da Rocha Costa	1999		Programando os Agentes Micorsoft com a Linguagem Funcional Haskell	3a. Oficina de Inteligência Artificial	BOIS, André Rauber Du ; COSTA, A. C. R.	Qualis nao identificado	3a. Oficina de Inteligência Artificial
resumoExpandidoEmCongresso	Antonio Carlos da Rocha Costa	2011	Modelando a Organização Social de um Experimento de Gestão Social de Hortas Urbanas	V Workshop-Escola de Sistemas de Agentes, seus Ambientes e Aplicações, 2011, Curitiba. Anais do WESAAC 2011. Curitiba: UTFPR	RODRIGUES, T. F. ; SANTOS, I. A. S. ; DIMURO, G. ; COSTA, A. C. R. ; DIMURO, Graçaliz Pereira	Qualis nao identificado	V Workshop-Escola de Sistemas de Agentes, seus Ambientes e Aplicações, 2011, Curitiba. Anais do WESAAC 2011. Curitiba: UTFPR
resumoExpandidoEmCongresso	Antonio Carlos da Rocha Costa	2010	Estendendo o Modelo de Organização de Sistemas Multiagentes PopOrg com Unidades Organizacionais Recursivas	Workshop-Escola de Sistemas de Agentes, seus Ambientes e Aplicações - WESAAC 2010, 2010, Rio Grande. Anais do WESAAC 2010. Rio Grande: FURG	ROSA, S. ; DIMURO, Graçaliz Pereira ; COSTA, A. C. R.	Qualis nao identificado	Workshop-Escola de Sistemas de Agentes, seus Ambientes e Aplicações - WESAAC 2010, 2010, Rio Grande. Anais do WESAAC 2010. Rio Grande: FURG
resumoExpandidoEmCongresso	Antonio Carlos da Rocha Costa	2010	Simulação Baseada em Agentes de Processos de Gestão Social de Ecossistemas Urbanos: o caso das hortas urbanas da cidade de Sevilla	4th Southern Conference on Computational Modeling/IX Encontro Regional de Matemática Aplicada e Computacional, 2010, Rio Grande. Anais do 4MCSUL/IX ERMAC. Rio Grande: FURG	RODRIGUES, T. F. ; DIMURO, G. ; VON GROL, C. ; PINHEIRO, T. V. ; DIMURO, Graçaliz Pereira ; COSTA, A. C. R.	Qualis nao identificado	4th Southern Conference on Computational Modeling/IX Encontro Regional de Matemática Aplicada e Computacional, 2010, Rio Grande. Anais do 4MCSUL/IX ERMAC. Rio Grande: FURG
resumoExpandidoEmCongresso	Antonio Carlos da Rocha Costa	2009	Introducing Social Groups and Group Exchanges in the PopOrg Model	The 8th International Conference on Autonomous Agents and Multiagent Systems, 2009, Budapest. Proceedings of AAMAS 2009. Richland: IFAAMAS	COSTA, A. C. R. ; DIMURO, Graçaliz Pereira	Qualis nao identificado	The 8th International Conference on Autonomous Agents and Multiagent Systems, 2009, Budapest. Proceedings of AAMAS 2009. Richland: IFAAMAS
resumoExpandidoEmCongresso	Antonio Carlos da Rocha Costa	2009	Um Modelo de Percepção Fuzzy para Agentes BDI	3rd Southern Conference on Computational Modeling, 2009, Rio Grande. Proceedings of MCSUL 2009. Rio Grande: FURG	Farias, G. P. ; DIMURO, Graçaliz Pereira ; COSTA, A. C. R.	Qualis nao identificado	3rd Southern Conference on Computational Modeling, 2009, Rio Grande. Proceedings of MCSUL 2009. Rio Grande: FURG
resumoExpandidoEmCongresso	Antonio Carlos da Rocha Costa	2008	A Distributed Normative Infrastructure for Situated Multi-Agent Organisations	7th International Joint Conference on Autonomous Agents and Multiagent Systems (AAMAS 2008), 2008, Estoril. Proceedings of AAMAS 2008. Estoril: IFAMAS	OKUYAMA, Fabio Yoshimitsu ; BORDINI, R. H. ; COSTA, A. C. R.	Qualis nao identificado	7th International Joint Conference on Autonomous Agents and Multiagent Systems (AAMAS 2008), 2008, Estoril. Proceedings of AAMAS 2008. Estoril: IFAMAS
resumoExpandidoEmCongresso	Antonio Carlos da Rocha Costa	2007	Towards a Protocol for Negotiations about Exchange Values Involved in Multiagent Interactions	Workshop on Computational Models of Natural Argument (CMNA VII): Twentieth International Joint Conference on Artificial Intelligence (IJCAI), 2007, 2007, Hyderabad. Proceedings of the IJCAI-07 Workshop on (CMNA'07). Hyderabad: IJCAI	FRANCO, M. F. ; COSTA, A. C. R.	Qualis nao identificado	Workshop on Computational Models of Natural Argument (CMNA VII): Twentieth International Joint Conference on Artificial Intelligence (IJCAI), 2007, 2007, Hyderabad. Proceedings of the IJCAI-07 Workshop on (CMNA'07). Hyderabad: IJCAI
resumoExpandidoEmCongresso	Antonio Carlos da Rocha Costa	2005	Symbolic Objects and Symbolic Behaviours: Cognitive Support for Emotion and Motivation in Rational Agents	Symposium on Agents that Want and Like: Motivational and Emotinal Roots of Cognition and Action/AISB'05 Convention: Social Intelligence and Interaction in Animals, Robots and Agents, 2005, Hatfield. Proceedings of AISB 2005. Brighton: AISB	COSTA, A. C. R. ; SOUSA, Paulo Luis Rosa	Qualis nao identificado	Symposium on Agents that Want and Like: Motivational and Emotinal Roots of Cognition and Action/AISB'05 Convention: Social Intelligence and Interaction in Animals, Robots and Agents, 2005, Hatfield. Proceedings of AISB 2005. Brighton: AISB
resumoExpandidoEmCongresso	Antonio Carlos da Rocha Costa	2005	M-LOM: A Proposal to Extend the IEEE LOM to Support Learning in Museums	The 8th IFIP World Conference on Computers in Education, 2005, Cape Town. Proceedings of WCCE 2005. Cape Town: IFIP/University of Stelienbosch	BERTOLETTI-DE-MARCHI, Ana Carolina ; COSTA, A. C. R.	B4	IFIP World Conference on Computers in Education
resumoExpandidoEmCongresso	Antonio Carlos da Rocha Costa	2004	SWDB: Um Sistema de Diconários para as Lìnguas de Sinais Usadas pelos Surdos	Conferencia IADIS Ibero-Americana WWW/Internet 2004, 2004, Madrid. Conferencia IADIS Ibero-Americana WWW/Internet 2004. Madrid: IADIS	FREITAS, Juliano Baldez de ; COSTA, A. C. R.	Qualis nao identificado	Conferencia IADIS Ibero-Americana WWW/Internet 2004, 2004, Madrid. Conferencia IADIS Ibero-Americana WWW/Internet 2004. Madrid: IADIS
