artigoEmPeriodico	Iara Augustin	2013		Sistema Pervasivo de Informação em Saúde Projetado para ser Programado pelo Usuário Clínico	Revista de Informática Teórica e Aplicada: RITA	Machado. A ; AUGUSTIN, I.	B4	
artigoEmPeriodico	Iara Augustin	2013	http://dx.doi.org/10.5335/rbca.2013.2586	Uma definição ontológica de elementos de contexto relevantes na adaptação de documentos em ambientes hospitalares pervasivos	Revista Brasileira de Computação Aplicada	MARAN, VINÍCIUS ; AUGUSTIN, IARA ; LIBRELOTTO, GIOVANI RUBERT ; SACCOL, DEISE DE BRUM	B5	
artigoEmPeriodico	Iara Augustin	2013		Computação Ubíqua: a terceira onda da computação	Revista Fontes	AUGUSTIN, I.	Qualis nao identificado	Revista Fontes
artigoEmPeriodico	Iara Augustin	2012		Uma Ontologia para um Sistema de Recomendação de Materiais Didáticos em Educação a Distância Sensível ao Estado Afetivo do Aluno	Revista do CCEI	PEREIRA, A. ; FACCIN, L. F. ; LIBRELOTTO, Giovani R. ; Librelotto, G.R. ; AUGUSTIN, I.	B5	
artigoEmPeriodico	Iara Augustin	2011		O impacto da Web 3.0 nas políticas de controle de acesso a internet	Revista do CCEI	MACEDO, R. T. ; FIORIN, A. ; LIBRELOTTO, Giovani R. ; LIBRELOTTO, Giovani R. ; AUGUSTIN, I. ; NUNES, R. C.	B5	
artigoEmPeriodico	Iara Augustin	2010		PEHS Arquitetura de um Sistema de Informação Pervasivo para Auxílio às Atividades Clínicas	Revista Brasileira de Computação Aplicada	VICENTINI, Caroline F. ; MACHADO, A. ; AUGUSTIN, I.	B5	
artigoEmPeriodico	Iara Augustin	2009		Geração de Topic Maps Dirigidos por Ontologias para a Computação Sensível ao Contexto	Revista do CCEI	Librelotto, G. R. ; GASSEN, J. B. ; FREITAS, L. ; AUGUSTIN, I.	B5	
artigoEmPeriodico	Iara Augustin	2009		Aplicando o OntoHealth para o Processamento e Consultas de Ontologias para Ambientes Hospitalares Pervasivos	iSys: Revista Brasileira de Sistemas de Informação	Librelotto, G. R. ; GASSEN, J. B. ; VIZZOTTO, J. K. ; AUGUSTIN, I.	B3	
artigoEmPeriodico	Iara Augustin	2008		Emprego de Código de Barras Bidimensionais para Conferência da Autenticidade de Certificados Digitais	Disciplinarum Scientia. Série Ciências Exatas	AUGUSTIN, I. ; VICENTINI, Caroline F. ; AVELAR, Francisco Tiago ; LIMA, João Carlos Damasceno	C	Disciplinarum Scientia. Série Ciências Naturais e Tecnológicas
artigoEmPeriodico	Iara Augustin	2008		Projeto CONVERGE UFSM: Rede de Sensores-Atuadores para Controle de Acesso em Laboratórios Usando VoIP e Rede Sem Fio	Disciplinarum Scientia. Série Ciências Exatas	ROCHA, Cristiano Cortez da ; VIERA, Matheus Anversa ; OLIVEIRA, Rodolfo Leffa ; STEIN, Benhur Oliveira ; AUGUSTIN, I. ; LIMA, João Carlos Damasceno	C	Disciplinarum Scientia. Série Ciências Naturais e Tecnológicas
artigoEmPeriodico	Iara Augustin	2008		Uma Ferramenta para o Processamento da Representação do Domínio de Atividades Médicas	Hífen (Uruguaiana)	LIBRELOTTO, Giovani R. ; FREITAS, L. O. ; GASSEN, J. B. ; SILVEIRA, M. C. ; TURCHETTI, Rogério Correa ; SILVA, F. L. ; AUGUSTIN, I.	C	Hífen (Uruguaiana. Online)
artigoEmPeriodico	Iara Augustin	2008		Projeto CONVERGE UFSM: Rede de Sensores-Atuadores para Controle de Acesso em Laboratórios Usando VoIP e Rede Sem Fio.	Disciplinarum Scientia. Série Ciências Exatas (Cessou em 2001. Cont. 1981-2841 Disciplinarum Scientia. Série Ciências Naturais e Tecnológicas)	ROCHA, C. C. ; VIERA, Matheus Anversa ; VIERA, Matheus Anversa ; OLIVEIRA, R. L. ; STEIN, B. O. ; AUGUSTIN, I. ; LIMA, J. C. D.	C	Disciplinarum Scientia. Série Ciências Naturais e Tecnológicas
artigoEmPeriodico	Iara Augustin	2006		ISAMadapt: Abstractions and Tools for Designing General-Purpose Pervasive Applications	Software Practice Experience Special Issue	AUGUSTIN, I. ; YAMIN, Adenauer Correa ; SILVA, Luciano Cavalheiro da ; REAL, Rodrigo Araujo ; FRAINER, Gustavo ; GEYER, Cláudio F Resin	Qualis nao identificado	Software Practice Experience Special Issue
artigoEmPeriodico	Iara Augustin	2005		ISAM - a Software Architecture for Pervasive Computing	Clei Electronic Journal	YAMIN, Adenauer Correa ; AUGUSTIN, I. ; BARBOSA, Jorge V ; GEYER, Cláudio Resin	B5	CLEI Electronic Journal
artigoEmPeriodico	Iara Augustin	2003		Towards Merging Context-aware, Mobile and Grid Computing	Journal Of High Performance Computing Application, London	YAMIN, Adenauer ; AUGUSTIN, I. ; BARBOSA, Jorge V ; SILVA, Luciano Cavalheiro ; REAL, R. ; GEYER, Cláudio F Resin	Qualis nao identificado	Journal Of High Performance Computing Application, London
artigoEmPeriodico	Iara Augustin	2003		EXEHDA: um ambiente de execução para adaptação dinâmica ao contexto de aplicações na pervasive computing	Cadernos de Informática (UFRGS), Porto Alegre	YAMIN, Adenauer Correa ; AUGUSTIN, I. ; SILVA, Luciano Cavalheiro da ; REAL, Rodrigo Araujo ; BARBOSA, Jorge V ; GEYER, Cláudio F Resin	C	Cadernos de Informática (UFRGS)
artigoEmPeriodico	Iara Augustin	2003		ISAMadapt: ambiente de desenvolvimento de aplicações para o paradigma da pervasive computing.	Cadernos de Informática (UFRGS), Porto Alegre	AUGUSTIN, I. ; YAMIN, Adenauer Correa ; SILVA, Luciano Cavalheiro da ; REAL, Rodrigo Araujo ; BARBOSA, Jorge V ; GEYER, Cláudio F Resin	C	Cadernos de Informática (UFRGS)
artigoEmPeriodico	Iara Augustin	2001		ISAM, um Middleware para Aplicações Móveis Distribuídas	Rita Revista de Informática Teórica e Aplicada, Porto Alegre, RS	AUGUSTIN, I. ; YAMIN, Adenauer Correa ; GEYER, Cláudio F Resin ; BARBOSA, Jorge V ; CAVALHEIRO, G. H.	B4	Revista de Informática Teórica e Aplicada: RITA
trabalhoCompletoEmCongresso	Iara Augustin	2013	http://dx.doi.org/10.5772/37125	A middleware to infer the risk level of an activity in context-aware environments using the SRK model	UBICOMM	FABRO NETO, A. ; BOUFLEUR, R. ; Azevedo, B. R. ; LIMA, João Carlos Damasceno ; AUGUSTIN, I.	B3	
trabalhoCompletoEmCongresso	Iara Augustin	2013		Uma Arquitetura Móvel para Auxílio às Atividades do Programa de Agentes Comunitários De Saúde do SUS	II Simpósio Brasileiro de Tecnologia da Informação (SBTI)	Maran, V. ; PAZ, L. F. ; MACHADO, A. ; BOUFLEUR, R. ; AUGUSTIN, I.	Qualis nao identificado	II Simpósio Brasileiro de Tecnologia da Informação (SBTI)
trabalhoCompletoEmCongresso	Iara Augustin	2013	http://dx.doi.org/10.5220/0004418004180426	Situation-awareness as a Key for Proactive Actions in Ambient Assisted Living	15th International Conference on Enterprise Information Systems	MACHADO, A. ; AUGUSTIN, IARA ; PERNAS, A. M. ; WIVES, L. K. ; OLIVEIRA, J. P. M.	B1	International Conference on Enterprise Information Systems
trabalhoCompletoEmCongresso	Iara Augustin	2012		A Service for ClinicSpace Architecture to Provide Context Data Persistence and Context-Based Selection of Documents	CSBC 2012 - Seminário de Software e Hardware (SEMISH)	Maran, V. ; SACCOL, D. B. ; AUGUSTIN, I.	B4	SEMISH
trabalhoCompletoEmCongresso	Iara Augustin	2012		Uma Arquitetura de Armazenamento de Informações de Contexto para Aplicações Ubíquas	CSBC 2012 - IV Simpósio Brasileiro de Computação Ubíqua e Pervasiva (SBCUP)	Maran, V. ; SACCOL, D. B. ; AUGUSTIN, I.	B5	Simpósio Brasileiro de Computação Ubíqua e Pervasiva
trabalhoCompletoEmCongresso	Iara Augustin	2011		A2BeST: An Adaptive Authentication Service Based on Mobile User's Behavior and Spatio-Temporal Context	IEEE International Symposium on Computer and Communications	ROCHA, Cristiano Cortez da ; LIMA, João Carlos Damasceno ; AUGUSTIN, I. ; DANTAS, M.	A2	IEEE Symposium on Computers and Communications
trabalhoCompletoEmCongresso	Iara Augustin	2011		Associando Contexto às Tarefas Clínicas na Arquitetura ClinicSpace	VII Simpósio Brasileiro de Sistemas de Informação (SBSI)	MACHADO, A. ; AUGUSTIN, I.	B4	Simpósio Brasileiro de Sistemas de Informação
trabalhoCompletoEmCongresso	Iara Augustin	2011		Um Framework para o Gerenciamento de Aplicações Direcionadas à Medicina Ubíqua	III Simpósio Brasileiro de Computação Ubíqua e Pervasiva (SBCUP)	Rodrigues, S. ; YAMIN, Adenauer Correa ; AUGUSTIN, I.	B5	Simpósio Brasileiro de Computação Ubíqua e Pervasiva
trabalhoCompletoEmCongresso	Iara Augustin	2011		Suporte à Colaboração em uma Infraestrutura Computacional Pervasiva para Auxílio às Atividades Clínicas	III Simpósio Brasileiro de Computação Ubíqua e Pervasiva (SBCUP)	KROTH, M. ; MACHADO, A. ; AUGUSTIN, I.	B5	Simpósio Brasileiro de Computação Ubíqua e Pervasiva
trabalhoCompletoEmCongresso	Iara Augustin	2011		CARS-AD: a context-aware recommender system to decide about implicit or explicit authentication in UbiHealth	MOBIWAC 2011	LIMA, João Carlos Damasceno ; ROCHA, Cristiano Cortez da ; AUGUSTIN, I. ; DANTAS, M.	Qualis nao identificado	MOBIWAC 2011
trabalhoCompletoEmCongresso	Iara Augustin	2011		Um Serviço de Persistência de Contexto e Seleção Contextualizada de Documentos para a Arquitetura ClinicSpace	XXXVII Conferencia Latinoamericana de Informática (CLEI)	Maran, V. ; MACHADO, A. ; SACCOL, D. B. ; AUGUSTIN, I.	B4	Conferencia Latinoamericana de Informática
trabalhoCompletoEmCongresso	Iara Augustin	2011		A context-Aware Recommendation System to Behavioral Based Authentication in Mobile and Pervasive Environment	IFIP IEEE 9th International Conference on Embedded and Ubiquitous Computing	LIMA, João Carlos Damasceno ; ROCHA, Cristiano Cortez da ; AUGUSTIN, I. ; DANTAS, M.	B2	IFIP International Conference on Embedded and Ubiquitous Computing
trabalhoCompletoEmCongresso	Iara Augustin	2011		Um servico de persistencia e selecao contextualizada de documentos para a arquitetura ClinicSpaces	XXXVII Conferencia Latinoamericada de Informatica (CLEI)	Maran, V. ; MACHADO, A. ; SACCOL, D. B. ; AUGUSTIN, I.	B4	Conferencia Latinoamericana de Informática
trabalhoCompletoEmCongresso	Iara Augustin	2011		Adding context data persistence based on ontologies in an ubiquitous healthcare architecture	IADIS International Conference WWW-Internet	Maran, V. ; MACHADO, A. ; SACCOL, D. B. ; AUGUSTIN, I.	B2	International Conference WWW/Internet
trabalhoCompletoEmCongresso	Iara Augustin	2010		A user-Centric Authentication for Advanced Resource Reservation in Mobile Grid Environments	International Conference on Grid Computing and Applications	VIERA, Matheus Anversa ; ROCHA, Cristiano Cortez da ; AUGUSTIN, I. ; DANTAS, M.	B4	
trabalhoCompletoEmCongresso	Iara Augustin	2010		A Context-Aware Authentication Approach Based on Behavioral Definitions	2010 International Conference on Information and Knowledge Engineering	VIERA, Matheus Anversa ; ROCHA, Cristiano Cortez da ; AUGUSTIN, I. ; DANTAS, M.	B4	International Conference on Information and Knowledge Engineering
trabalhoCompletoEmCongresso	Iara Augustin	2010		Inferência de Atividades Clínicas a partir de Propriedades do Contexto	Workshop em Informática Médica - Congresso SBC	SOUZA, M. V. ; AUGUSTIN, I.	Qualis nao identificado	Workshop em Informática Médica - Congresso SBC
trabalhoCompletoEmCongresso	Iara Augustin	2010		Ferramenta para Definição de Contexto pelo Usuário-Final na Programação de Tarefas Clínicas em um Sistema de Saúde Pervasivo	II Simposio Brasileiro em Computação Ubíqua e Pervasiva	MACHADO, A. ; Librelotto, G. R. ; AUGUSTIN, I.	B5	Simpósio Brasileiro de Computação Ubíqua e Pervasiva
trabalhoCompletoEmCongresso	Iara Augustin	2010		Applying a middleware for pervasive environment to manage end-user programming of clinical activities	The Fourth International Conference on Mobile Ubiquitous Computing	FERREIRA, Giuliano Lopes ; LORENZI, Fabio ; RIZZETTI, Thiago Antionio ; Librelotto, G. R. ; YAMIN, Adenauer Correa ; AUGUSTIN, I.	A1	International Conference on Ubiquitous Computing
trabalhoCompletoEmCongresso	Iara Augustin	2010		Explorando o Processamento Semântico para Sensibilidade ao Contexto na Computação em Grade	Conferencia Latino Americana de Computación de Alto Rendimiento	Rodrigues, S. ; LOPES, João Ladislau ; GEYER, C. ; AUGUSTIN, I. ; YAMIN, Adenauer Correa	Qualis nao identificado	Conferencia Latino Americana de Computación de Alto Rendimiento
trabalhoCompletoEmCongresso	Iara Augustin	2010		Um Mecanismo para Sensibilidade ao Contexto com Suporte Semântico na Computação Ubíqua	XXXVI Conferência Latino-americana de Informática	Venecian, L. ; Rodrigues, S. ; AUGUSTIN, I. ; YAMIN, Adenauer Correa	B4	Conferencia Latinoamericana de Informática
trabalhoCompletoEmCongresso	Iara Augustin	2010		Ciência do Contexto para Tarefas Clínicas em um Sistema de Saúde Pervasivo	XXXVI Conferência Latino-americana de Informática	MACHADO, A. ; VICENTINI, Caroline F. ; Librelotto, G. R. ; AUGUSTIN, I.	B4	Conferencia Latinoamericana de Informática
trabalhoCompletoEmCongresso	Iara Augustin	2010		ARQUITETURA PERVASIVA PARA ENTRADA AUTOMÁTICA DE DADOS NO AMBIENTE CLÍNICO	XII Congresso Brasileiro de Informática na Saúde	RIZZETTI, Thiago Antionio ; AUGUSTIN, I.	B4	Congresso Brasileiro de Informática em Saúde
trabalhoCompletoEmCongresso	Iara Augustin	2010		DETECÇÃO DE ATIVIDADES CLÍNICAS A PARTIR DO HISTÓRICO DE EXECUÇÃO DO USUÁRIO	XII Congresso Brasileiro de Informática na Saúde	SOUZA, M. V. ; AUGUSTIN, I.	B4	Congresso Brasileiro de Informática em Saúde
trabalhoCompletoEmCongresso	Iara Augustin	2010		Revisando o Desenvolvimento de Aplicações na Medicina Ubíqua	ERAD 2010 - Forum de Pós-Graduação	Rodrigues, S. ; YAMIN, Adenauer Correa ; AUGUSTIN, I.	Qualis nao identificado	ERAD 2010 - Forum de Pós-Graduação
trabalhoCompletoEmCongresso	Iara Augustin	2010		Requisitos para Sistema de Auxílio às Atividades dos Profissionais de Saúde em um Ambiente Ubíquo	ERAD 2010 - Forum de Pós-Graduação	VICENTINI, Caroline F. ; AUGUSTIN, I.	Qualis nao identificado	ERAD 2010 - Forum de Pós-Graduação
trabalhoCompletoEmCongresso	Iara Augustin	2010		EXEHDA-SS: Uma Contribuição a Sensibilidade ao Contexto na Medicina Ubíqua	ERAD 2010 - Forum de Pós-Graduação	Venecian, L. ; LOPES, João Ladislau ; PALAZZO, L. A. M. ; YAMIN, Adenauer Correa ; AUGUSTIN, I.	Qualis nao identificado	ERAD 2010 - Forum de Pós-Graduação
trabalhoCompletoEmCongresso	Iara Augustin	2010		COMPARATIVO ENTRE PROJETOS DE INFRAESTRUTURA COMPUTACIONAL PERVASIVA PARA AMBIENTES CLÍNICOS	IX Simpósio de Informática da Região Centro-Oeste RS (SIRC)	KROTH, M. ; AUGUSTIN, I.	Qualis nao identificado	IX Simpósio de Informática da Região Centro-Oeste RS (SIRC)
trabalhoCompletoEmCongresso	Iara Augustin	2009		Middleware for management of end-user programming of clinical activities in a pervasive environment	on Middleware for Ubiquitous and Pervasive Systems (WMUPS)	FERREIRA, Giuliano Lopes ; LORENZI, Fabio ; Librelotto, G. R. ; AUGUSTIN, I.	Qualis nao identificado	on Middleware for Ubiquitous and Pervasive Systems (WMUPS)
trabalhoCompletoEmCongresso	Iara Augustin	2009		Introduzindo o Gerenciando de Tarefas Clínicas em um Middleware da Computação Pervasiva	Workshop em Informatica Medica	FERREIRA, Giuliano Lopes ; LORENZI, Fabio ; Librelotto, G. R. ; AUGUSTIN, I.	B4	Workshop de Informática Médica
trabalhoCompletoEmCongresso	Iara Augustin	2009		Requisitos de um Registro Eletrônico de Saúde Ubíquo	VIII Simpósio de Informática da Região Centro do RS	VICENTINI, Caroline F. ; MACHADO, A. ; Librelotto, G. R. ; AUGUSTIN, I.	Qualis nao identificado	VIII Simpósio de Informática da Região Centro do RS
trabalhoCompletoEmCongresso	Iara Augustin	2009		Ferramenta para a Programação pelo Usuário-Final de Tarefas Clínicas em um Ambiente de Saúde Ubíquo	XXXV LATIN-AMERICAN CONFERENCE ON INFORMATICS	SILVA, Fábio Lorenzi da ; FERREIRA, Giuliano Lopes ; Librelotto, G. R. ; AUGUSTIN, I.	Qualis nao identificado	XXXV LATIN-AMERICAN CONFERENCE ON INFORMATICS
trabalhoCompletoEmCongresso	Iara Augustin	2009		Uma Contribuição à Usabilidade da Sensibilidade ao Contexto na Computação Pervasiva	XXXV LATIN-AMERICAN CONFERENCE ON INFORMATICS	LOPES, João Ladislau ; AUGUSTIN, I. ; YAMIN, Adenauer Correa	Qualis nao identificado	XXXV LATIN-AMERICAN CONFERENCE ON INFORMATICS
trabalhoCompletoEmCongresso	Iara Augustin	2009		Adaptando o Middleware EXEHDA para o Tratamento de Atividades Clínicas	XXXV LATIN-AMERICAN CONFERENCE ON INFORMATICS	FERREIRA, Giuliano Lopes ; SILVA, Fábio Lorenzi da ; Librelotto, G. R. ; YAMIN, Adenauer Correa ; AUGUSTIN, I.	Qualis nao identificado	XXXV LATIN-AMERICAN CONFERENCE ON INFORMATICS
trabalhoCompletoEmCongresso	Iara Augustin	2009		A Definição de uma API para o Processamento de Ontologias em Hospitais Pervasivo	V Simpósio Brasileiro de Sistemas de Informação	Librelotto, G. R. ; GASSEN, J. B. ; FREITAS, L. ; SILVA, Fábio Lorenzi da ; AUGUSTIN, I.	B4	Simpósio Brasileiro de Sistemas de Informação
trabalhoCompletoEmCongresso	Iara Augustin	2009		Um Compilador para a Linguagem Reativa Síncrona Distribuída	SBLP - Co-located workshop LTPD 2009	Librelotto, G. R. ; VIZZOTTO, J. K. ; AUGUSTIN, I.	Qualis nao identificado	SBLP - Co-located workshop LTPD 2009
trabalhoCompletoEmCongresso	Iara Augustin	2009		Middleware for management of end-user programming of clinical activities in a pervasive environment	Workshop on Middleware to Pervasive and Ubiquitous Computing - co-locateed with COMSWARE	AUGUSTIN, I. ; SILVA, Fábio Lorenzi da ; FERREIRA, Giuliano Lopes ; Librelotto, G. R. ; YAMIN, Adenauer Correa	Qualis nao identificado	Workshop on Middleware to Pervasive and Ubiquitous Computing - co-locateed with COMSWARE
trabalhoCompletoEmCongresso	Iara Augustin	2009		Uma Arquitetura de Reserva Antecipada de Recursos Centrada no Usuário para Ambientes de Grades Móveis	8th International Information and Telecommunication Technologies Symposium	ROCHA, Cristiano Cortez da ; DANTAS, M. ; AUGUSTIN, I.	B4	Information and Telecommunication Technologies
trabalhoCompletoEmCongresso	Iara Augustin	2008		A Semantica Formal da Linguagem RS	Simposio Nacional de Linguagens de Programação	Librelotto, G. R. ; AUGUSTIN, I.	B3	Simpósio Brasileiro de Linguagens de Programação
trabalhoCompletoEmCongresso	Iara Augustin	2008		Geracao de Topic Maps Dirigidos por Ontologia para Computação Sensivel ao Contexto	Conferencia Iberica de Sistemas y Tecnologias de la Informacion	Librelotto, G. R. ; GASSEN, J. B. ; AUGUSTIN, I.	Qualis nao identificado	Conferencia Iberica de Sistemas y Tecnologias de la Informacion
trabalhoCompletoEmCongresso	Iara Augustin	2008		Uma Ontologia Aplicada a um Ambiente Pervasivo Hospitalar	8ª Conferência da Associação Portuguesa de Sistemas de Informação	Librelotto, G. R. ; GASSEN, J. B. ; SILVA, Fábio Lorenzi da ; AUGUSTIN, I. ; HENRIQUES, P. R.	Qualis nao identificado	8ª Conferência da Associação Portuguesa de Sistemas de Informação
trabalhoCompletoEmCongresso	Iara Augustin	2008		GERAÇÃO DE TOPIC MAPS DIRIGIDOS POR ONTOLOGIAS PARA A COMPUTAÇÃO SENSÍVEL AO CONTEXTO	3ª Conferencia Ibérica de Sistemas y Tecnologías de la Información	Librelotto, G. R. ; GASSEN, J. B. ; HENRIQUES, P. R. ; COPPETTI, M. ; FREITAS, L. ; AUGUSTIN, I.	Qualis nao identificado	3ª Conferencia Ibérica de Sistemas y Tecnologías de la Información
trabalhoCompletoEmCongresso	Iara Augustin	2007		Context-Aware Model in a Ubiquitous Learning Environment	Workshop on Pervasive Learning (Joint to PerCom 2007) - PerEL	Nino, C. P. ; MARQUES, J. ; SILVA, Luciano Cavalheiro da ; BARBOSA, Debora Nice Ferrari ; BARBOSA, Jorge V ; AUGUSTIN, I.	Qualis nao identificado	Workshop on Pervasive Learning (Joint to PerCom 2007) - PerEL
trabalhoCompletoEmCongresso	Iara Augustin	2007		Utilizando a Adaptação para permitir acesso a Arquivos em um Ambiente Pervasivo	XXXIII Conferencia Latinoamericana de Informática	FRAINER, Gustavo ; SILVA, Luciano Cavalheiro da ; GEYER, Cláudio F R ; AUGUSTIN, I. ; YAMIN, Adenauer Correa	B4	Conferencia Latinoamericana de Informática
trabalhoCompletoEmCongresso	Iara Augustin	2007		Towards Pervasive Applications in a Grid Computing Environment	XXXIII Conferencia Latinoamericana de Informática (CLEI 2007)	LOPES, João Ladislau ; YAMIN, Adenauer Correa ; AUGUSTIN, I. ; FRAINER, Gustavo ; SILVA, Luciano Cavalheiro ; GEYER, Cláudio F R	B4	Conferencia Latinoamericana de Informática
trabalhoCompletoEmCongresso	Iara Augustin	2007		Projeto CONVERGE UFSM - Rede de Sensores-Atuadores para Controle de Acesso em Laboratórios Usando VoIP e Wireless	VI Simpósio de Informática da Região Centro/RS (SIRC)	ROCHA, Cristiano Cortez da ; OLIVEIRA, Rodolfo Leffa ; VIERA, Matheus Anversa ; AUGUSTIN, I. ; STEIN, Benhur Oliveira ; LIMA, João Carlos Damasceno	Qualis nao identificado	VI Simpósio de Informática da Região Centro/RS (SIRC)
trabalhoCompletoEmCongresso	Iara Augustin	2007		Utilizando Adaptação Consciente da Aplicação no Acesso a Arquivos em um Ambiente Pervasivo	VIII Workshop em Sistemas Computacionais de Alto Desempenho	FRAINER, Gustavo ; SILVA, Luciano Cavalheiro da ; AUGUSTIN, I. ; YAMIN, Adenauer Correa ; GEYER, Cláudio Resin	Qualis nao identificado	VIII Workshop em Sistemas Computacionais de Alto Desempenho
trabalhoCompletoEmCongresso	Iara Augustin	2007		Emprego de Código de Barras Bidimensionais para Conferência da Autenticidade de Certificados Digitais	VI Simpósio de Informática da Região Centro/RS	VICENTINI, Caroline F. ; AVELAR, Francisco Tiago ; LIMA, João Carlos Damasceno ; AUGUSTIN, I.	Qualis nao identificado	VI Simpósio de Informática da Região Centro/RS
trabalhoCompletoEmCongresso	Iara Augustin	2007		Análise Comparativa de Detectores de Falha para Redes Móveis	VI Simpósio de Informática da Região Centro/RS	LORENZI, Fabio ; RIZZETTI, Thiago Antonio ; FERREIRA, Giuliano Lopes ; AUGUSTIN, I. ; NUNES, Raul Ceretta	Qualis nao identificado	VI Simpósio de Informática da Região Centro/RS
trabalhoCompletoEmCongresso	Iara Augustin	2007		Aplicando Topic Maps a Ambientes Sensíveis a Contexto	I Workshop on Pervasive and Ubiquitous Computing	Librelotto, G. R. ; AUGUSTIN, I. ; TURCHETTI, Rogerio ; MARTINS, Mirkos Ortiz ; SARAIVA, Jonatas ; LORENZI, Fabio	Qualis nao identificado	I Workshop on Pervasive and Ubiquitous Computing
trabalhoCompletoEmCongresso	Iara Augustin	2007		Uma abordagem baseada em Ontologias para Sensibilidade ao Contexto na Computação Pervasiva	I Workshop on Pervasive and Ubiquitous Computing	LOPES, João Ladislau ; PALAZZO, L. A. M. ; Librelotto, G. R. ; AUGUSTIN, I. ; YAMIN, Adenauer Correa	Qualis nao identificado	I Workshop on Pervasive and Ubiquitous Computing
trabalhoCompletoEmCongresso	Iara Augustin	2006		Learning in a Large-Scale Pervasive Environment	IEEE International Conference on Pervasive Computing and Communications 2006 - 2nd Workshop on Pervasive Learning (PerEL)	BARBOSA, Debora Nice Ferrari ; AUGUSTIN, I. ; BARBOSA, Jorge V ; SILVA, Luciano Cavalheiro da ; YAMIN, Adenauer Correa ; GEYER, Cláudio F Resin	A2	International Conference on Pervasive Computing
trabalhoCompletoEmCongresso	Iara Augustin	2006		Computação Pervasiva: como programar aplicações	X Simposio Brasileiro de Linguagens de Programação (SBLP)	AUGUSTIN, I. ; YAMIN, Adenauer Correa ; LIMA, João Carlos Damasceno	B3	Simpósio Brasileiro de Linguagens de Programação
trabalhoCompletoEmCongresso	Iara Augustin	2006		A Proposal to Support Pervasive Learning	XXXII Conferencia Latinoamericana de Informática	BARBOSA, Debora Nice Ferrari ; BARBOSA, Jorge V ; AUGUSTIN, I. ; SILVA, Luciano Cavalheiro da ; GEYER, Cláudio F Resin	B4	Conferencia Latinoamericana de Informática
trabalhoCompletoEmCongresso	Iara Augustin	2006		Serviço de Autenticação em Espaços Pervasivos, o caso do projeto pBuy	V Simpósio de Informática da Região Centro do RS	AUGUSTIN, I. ; LIMA, João Carlos Damasceno ; ARAUJO NETO, Edmar Pessoa ; SILVA, Fábio Lorenzi da ; TIETBOHL, Luzandro Candido ; ROCHA, Cristiano Cortez da ; , Francisco Tiago Machado de Avelar	Qualis nao identificado	V Simpósio de Informática da Região Centro do RS
trabalhoCompletoEmCongresso	Iara Augustin	2006		Ambiente Colaborativo P2P parao projeto PDCSE	V Simpósio de Informática da Região Centro do RS	AUGUSTIN, I. ; RIZZETTI, Thiago Antonio ; LIMA, João Carlos Damasceno ; TROIS, Celio	Qualis nao identificado	V Simpósio de Informática da Região Centro do RS
trabalhoCompletoEmCongresso	Iara Augustin	2006		JWebTester - Ferramenta para Testes de Aceitação Automatizados em Aplicações Web	V Simpósio de Informática da Região Centro do RS	AUGUSTIN, I. ; LIMA, João Carlos Damasceno ; CORREAL, Julio ; RISS, Marcelo Aita ; ARAUJO NETO, Edmar Pessoa ; RIZZETTI, Thiago Antonio	Qualis nao identificado	V Simpósio de Informática da Região Centro do RS
trabalhoCompletoEmCongresso	Iara Augustin	2005		Disseminando Informações na Arquitetura ISAM. 	XXV Congresso Sociedade Brasileira de Computação - XXXII SEMISH	MORAES, Mauricio C ; AUGUSTIN, I. ; YAMIN, Adenauer Correa ; SILVA, Luciano Cavalheiro da ; GEYER, Cláudio Resin	Qualis nao identificado	XXV Congresso Sociedade Brasileira de Computação - XXXII SEMISH
trabalhoCompletoEmCongresso	Iara Augustin	2005		Um serviço adaptativo para descoberta de recursos em larga escala na arquitetura ISAM	SBRC 2005 - Workshop em Peer-to-Peer (WP2P)	S FILHO, Alberto Egon ; AUGUSTIN, I. ; YAMIN, Adenauer Correa ; GEYER, Cláudio F R ; SILVA, Luciano Cavalheiro da	B5	WP2P
trabalhoCompletoEmCongresso	Iara Augustin	2005		Applying the ISAM Architecture for Genetic Alignment in a Grid Environment. 	III WORKSHOP DE GRADE COMPUTACIONAL E APLICAÇÕES (WGCA)	S FILHO, Alberto Egon ; AUGUSTIN, I. ; YAMIN, Adenauer Correa ; GEYER, Cláudio F Resin ; SILVA, Luciano Cavalheiro da	Qualis nao identificado	III WORKSHOP DE GRADE COMPUTACIONAL E APLICAÇÕES (WGCA)
trabalhoCompletoEmCongresso	Iara Augustin	2005		GRADEp: Towards Pervasive Grid Executions	III WORKSHOP DE GRADE COMPUTACIONAL E APLICAÇÕES (WGCA)	SILVA, Luciano Cavalheiro da ; AUGUSTIN, I. ; YAMIN, Adenauer Correa ; GEYER, Cláudio F Resin ; S FILHO, Alberto Egon ; PIRES, Rafael Pereira ; REAL, Rodrigo Araujo	Qualis nao identificado	III WORKSHOP DE GRADE COMPUTACIONAL E APLICAÇÕES (WGCA)
trabalhoCompletoEmCongresso	Iara Augustin	2005		DIMI - um Disseminador Multicast de Informações para a Arquitetura ISAM	SBRC 2005 - Workshop Peer-to-Peer (WP2P)	MORAES, Mauricio Coutinho ; AUGUSTIN, I. ; YAMIN, Adenauer Correa ; SILVA, Luciano Cavalheiro da ; GEYER, Cláudio F Resin	B5	WP2P
trabalhoCompletoEmCongresso	Iara Augustin	2005		A Scalable Dissemination Service for the ISAM Architecture	17th Symposium International on Computer Architecture and High Performance Computing	MORAES, Mauricio Coutinho ; SILVA, Luciano Cavalheiro da ; EGON FILHO, Alberto S ; AUGUSTIN, I. ; YAMIN, Adenauer Correa ; GEYER, Cláudio F Resin	Qualis nao identificado	17th Symposium International on Computer Architecture and High Performance Computing
trabalhoCompletoEmCongresso	Iara Augustin	2005		Managing the Follow-me Semantics to Build Large-Scale Pervasive Applications	6th International Middleware Conference - 3rd Internacional Workshop on Middleware for Pervasive and Adhoc Computing (MPAC)	AUGUSTIN, I. ; YAMIN, Adenauer Correa ; GEYER, Cláudio F Resin ; SILVA, Luciano Cavalheiro da ; REAL, Rodrigo Araujo	B3	MPAC
trabalhoCompletoEmCongresso	Iara Augustin	2005		EXEHDA Middleware: Aspects to Manage the ISAM Pervasive Environment	XXV International Conference of the Chilean Computer Science Society (SCCC)	YAMIN, Adenauer Correa ; AUGUSTIN, I. ; SILVA, Luciano Cavalheiro da ; GEYER, Cláudio F Resin	B3	International Conference of the Chilean Computer Science Society
trabalhoCompletoEmCongresso	Iara Augustin	2005		EXEHDA: Adaptive Middleware for Building a Pervasive Grid Environment	International Conference on Self-Organization and Adaptation of Multi-Agent and Grid Systems (SOAS)	YAMIN, Adenauer Correa ; AUGUSTIN, I. ; SILVA, Luciano Cavalheiro da ; REAL, Rodrigo Araujo ; GEYER, Cláudio F Resin	B4	SOAS
trabalhoCompletoEmCongresso	Iara Augustin	2005		Middleware to Support Pervasive Grid Applications	6th International Middleware Conference - Workshop on Middleware for Grid Computing	YAMIN, Adenauer Correa ; AUGUSTIN, I. ; SILVA, Luciano Cavalheiro da ; REAL, Rodrigo Araujo ; S FILHO, Alberto Egon ; GEYER, Cláudio F Resin	Qualis nao identificado	6th International Middleware Conference - Workshop on Middleware for Grid Computing
trabalhoCompletoEmCongresso	Iara Augustin	2005		Comunicação entre Coponentes da Aplicação em Ambiente Pervasivo	VIII Forum de Tecnologias e XV Seminário Regional de Informática (SRI 2005)	PIRES, Rafael Pereira ; AUGUSTIN, I. ; LIMA, João Carlos Damasceno	Qualis nao identificado	VIII Forum de Tecnologias e XV Seminário Regional de Informática (SRI 2005)
trabalhoCompletoEmCongresso	Iara Augustin	2005		Análise de Alternativas a Apresentação Consciente do Dispositivo em um Ambiente Pervasivo	VIII Forum de Tecnologias e XV Seminário Regional de Informática (SRI 2005)	BELUSSO, Rubens Cesar ; AUGUSTIN, I. ; LIMA, João Carlos Damasceno	Qualis nao identificado	VIII Forum de Tecnologias e XV Seminário Regional de Informática (SRI 2005)
trabalhoCompletoEmCongresso	Iara Augustin	2005		Definindo e Usando Contexto Derivado de Multi-Sensores	3a. Escola Regional de Redes de Computadores (ERRC 2005)	FEHLBERG, Felipe Weber ; AUGUSTIN, I. ; YAMIN, Adenauer Correa ; SILVA, Luciano Cavalheiro da ; GEYER, Cláudio F Resin	Qualis nao identificado	3a. Escola Regional de Redes de Computadores (ERRC 2005)
trabalhoCompletoEmCongresso	Iara Augustin	2005		Arquitetura de Serviços para o Portal de Compras Pervasivo	IV SImpósio da Região Centro do RS (SIRC 2005)	PIRES, Rafael Pereira ; BELUSSO, Rubens Cesar ; REDIN, Ricardo Miotto ; LIMA, João Carlos Damasceno ; AUGUSTIN, I.	Qualis nao identificado	IV SImpósio da Região Centro do RS (SIRC 2005)
trabalhoCompletoEmCongresso	Iara Augustin	2005		Análise de Sistemas de Gerenciamento de Conteúdo para o Projeto EPOS	IV SImpósio da Região Centro do RS (SIRC 2005)	RIZZETTI, Thiago Antionio ; TROIS, Celio ; LIMA, João Carlos Damasceno ; AUGUSTIN, I.	Qualis nao identificado	IV SImpósio da Região Centro do RS (SIRC 2005)
trabalhoCompletoEmCongresso	Iara Augustin	2005		Análise de Alternativas de Entrega de Dados Independente de Dispositivo em Ambiente de Computação Pervasiva	JITEC 2005 - Jornada Integrada de Tecnologia e Computação	REDIN, Ricardo Miotto ; PIRES, Rafael Pereira ; BELUSSO, Rubens Cesar ; LIMA, João Carlos Damasceno ; AUGUSTIN, I.	Qualis nao identificado	JITEC 2005 - Jornada Integrada de Tecnologia e Computação
trabalhoCompletoEmCongresso	Iara Augustin	2004		Aplicando uma técnica baseada em perfil para balanceamento adaptativo de carga no ISAM	Escola Regional de Alto Desempenho	FRAINER, Gustavo ; AUGUSTIN, I. ; YAMIN, Adenauer Correa ; GEYER, Cláudio F Resin ; SILVA, Luciano Cavalheiro	B5	
trabalhoCompletoEmCongresso	Iara Augustin	2004		Timing Verification Based on Floating Vector Simulation: a Distributed Approach	IBERCHIP 2004	BRUSAMARELLO, Lucas ; AUGUSTIN, I. ; YAMIN, Adenauer ; GEYER, Cláudio F Resin ; REAL, Rodrigo Araujo ; SILVA, Luciano Cavalheiro	Qualis nao identificado	IBERCHIP 2004
trabalhoCompletoEmCongresso	Iara Augustin	2004		ISAMadapt - um ambiente de desenvolvimento de aplicações para a Computação Pervasiva	8th Brazilian Symposium on Programming Language (SBLP)	AUGUSTIN, I. ; YAMIN, Adenauer Correa ; LIMA, João Carlos Damasceno ; GEYER, Cláudio F Resin ; SILVA, Luciano Cavalheiro	B3	SBLP
trabalhoCompletoEmCongresso	Iara Augustin	2004		Uma Arquitetura de Software para Pervasive Computing	CLEI - Congresso Latino-americano de Informática	AUGUSTIN, I. ; YAMIN, Adenauer Correa ; BARBOSA, Jorge V ; GEYER, Cláudio F Resin	Qualis nao identificado	CLEI - Congresso Latino-americano de Informática
trabalhoCompletoEmCongresso	Iara Augustin	2004		Uma Proposta de Descoberta de Recursos no ISAM Pervasive Environment	Workshop GPPD	EGON FILHO, Alberto S ; AUGUSTIN, I. ; YAMIN, Adenauer Correa ; SILVA, Luciano Cavalheiro ; GEYER, Cláudio F Resin	Qualis nao identificado	Workshop GPPD
trabalhoCompletoEmCongresso	Iara Augustin	2004		Explorando Adaptação Dinâmica ao Contexto no Projeto de Aplicações da Computação Pervasiva	III Simpósio de Informática da Região Centro	AUGUSTIN, I. ; SILVA, Marcus Lucas da ; PIRES, Rafael Pereira ; REDIN, Ricardo Miotto ; LIMA, João Carlos Damasceno ; GEYER, Cláudio F Resin	Qualis nao identificado	III Simpósio de Informática da Região Centro
trabalhoCompletoEmCongresso	Iara Augustin	2004		PerDiS: um modelo para descoberta de recursos na arquitetura ISAM	Workshop em Computação Sem Fio e Computação Móvel	EGON FILHO, Alberto S ; AUGUSTIN, I. ; YAMIN, Adenauer Correa ; GEYER, Cláudio F Resin ; SILVA, Luciano Cavalheiro	Qualis nao identificado	Workshop em Computação Sem Fio e Computação Móvel
trabalhoCompletoEmCongresso	Iara Augustin	2004		PerDiS, a Scalable Resource Discovery Service for the ISAM Pervasive Environment	Hot Topics in Peer-to-Peer Systems	EGON FILHO, Alberto S ; AUGUSTIN, I. ; YAMIN, Adenauer Correa ; GEYER, Cláudio F Resin ; SILVA, Luciano Cavalheiro	Qualis nao identificado	Hot Topics in Peer-to-Peer Systems
trabalhoCompletoEmCongresso	Iara Augustin	2003		Tratamento de Incerteza no Escalonamento de Recursos em Pervasive Computing	International Conference WWW-Internet	REAL, Rodrigo Araujo ; SILVA, Luciano Cavalheiro da ; YAMIN, Adenauer Correa ; AUGUSTIN, I. ; GEYER, Cláudio F Resin	B2	International Conference WWW/Internet
trabalhoCompletoEmCongresso	Iara Augustin	2003		Resource Scheduling on Grid: Handling Uncertainty	GRID 2003 - International Workshop on Grid Computing	REAL, Rodrigo Araujo ; SILVA, Luciano Cavalheiro da ; YAMIN, Adenauer Correa ; AUGUSTIN, I. ; GEYER, Cláudio F Resin	Qualis nao identificado	GRID 2003 - International Workshop on Grid Computing
trabalhoCompletoEmCongresso	Iara Augustin	2003		Handling the Uncertainty in the Resource Scheduling on Grid Computing	IV International Workshop on Grid Computing (Grid2003)	REAL, Rodrigo Araujo ; YAMIN, Adenauer Correa ; AUGUSTIN, I. ; SILVA, Luciano Cavalheiro da ; BARBOSA, Jorge V ; GEYER, Cláudio F Resin	Qualis nao identificado	IV International Workshop on Grid Computing (Grid2003)
trabalhoCompletoEmCongresso	Iara Augustin	2002		Taxonomy for Mobile Applications with Adaptive Behavior	Pdcn 2002 Int Symp Parallel And Distributed Computing Networking	AUGUSTIN, I. ; YAMIN, Adenauer Correa ; BARBOSA, Jorge V ; GEYER, Cláudio F Resin	Qualis nao identificado	Pdcn 2002 Int Symp Parallel And Distributed Computing Networking
trabalhoCompletoEmCongresso	Iara Augustin	2002		Distributed Mobile Applications with Dynamic Adaptive Behavior	Cata 2002 - 17th Int Conf Computer And Their Applications	AUGUSTIN, I. ; YAMIN, Adenauer Correa ; GEYER, Cláudio F Resin	Qualis nao identificado	Cata 2002 - 17th Int Conf Computer And Their Applications
trabalhoCompletoEmCongresso	Iara Augustin	2002		ISAM - a Software Architecture for Adaptive and Distributed Mobile Applications	ISCC 2002 - 7th IEEE Symp Computers And Communications	AUGUSTIN, I. ; YAMIN, Adenauer Correa ; BARBOSA, Jorge V ; GEYER, Cláudio F Resin	Qualis nao identificado	ISCC 2002 - 7th IEEE Symp Computers And Communications
trabalhoCompletoEmCongresso	Iara Augustin	2002		Towards a Software Process Model to Support the Design of Mobile Computing Applications	Idpt 2002 - 6th World Conf Integrated Design And Process Technology	REIS, R. ; REIS, C. L. ; AUGUSTIN, I. ; YAMIN, Adenauer Correa ; GEYER, Cláudio F Resin ; NUNES, Daltro	Qualis nao identificado	Idpt 2002 - 6th World Conf Integrated Design And Process Technology
trabalhoCompletoEmCongresso	Iara Augustin	2002		ISAM: a Pervasive View in Distributed Mobile Computing	NET-CON02. Network Control and Engineering for QoS	YAMIN, Adenauer Correa ; AUGUSTIN, I. ; BARBOSA, J. ; GEYER, Cláudio F R	Qualis nao identificado	NET-CON02. Network Control and Engineering for QoS
trabalhoCompletoEmCongresso	Iara Augustin	2002		Collaborative Multilevel Adaptation in Distributed Mobile Applications. 	SCC02. XXII International Conference of the Chilean Computer Science Society.	YAMIN, Adenauer Correa ; AUGUSTIN, I. ; BARBOSA, Jorge V ; SILVA, Luciano Cavalheiro ; CAVALHEIRO, G. G. H. ; GEYER, C. F.	B3	International Conference of the Chilean Computer Science Society
trabalhoCompletoEmCongresso	Iara Augustin	2002		A Framework for Exploiting Adaptation in High Heterogeneous Distributed Processing	14th Symp. Computer Architecture and High Performance Computing	YAMIN, Adenauer ; AUGUSTIN, I. ; SILVA, L. ; REAL, R. ; CAVALHEIRO, G. ; BARBOSA, J. ; GEYER, C.	Qualis nao identificado	14th Symp. Computer Architecture and High Performance Computing
trabalhoCompletoEmCongresso	Iara Augustin	2002		Holoparadigm: a Multiparadigm Model Oriented to Development of Distributed System	Ninth International Conference on Parallel and Distributed Systems. december 17-20.	BARBOSA, J. ; YAMIN, Adenauer ; AUGUSTIN, I. ; GEYER, C.	B1	International Conference on Parallel and Distributed Systems
trabalhoCompletoEmCongresso	Iara Augustin	2002		Towards a Software Process to Support the design of Mobile Computing Applications	World Conference on Integrated Design and Process Technology (IDPT)	REIS, Rodrigo Quites ; REIS, Carla ; AUGUSTIN, I. ; YAMIN, Adenauer Correa ; NUNES, Daltro ; GEYER, Cláudio F Resin	Qualis nao identificado	World Conference on Integrated Design and Process Technology (IDPT)
trabalhoCompletoEmCongresso	Iara Augustin	2002		Regional Center and Grid Development in Brazil	Lafex International School on High Energy Physics (LISHEP)	GEYER, Cláudio F Resin ; SILVA, Luciano Cavalheiro da ; YAMIN, Adenauer Correa ; AUGUSTIN, I. ; VARGAS, Patricia Kaiser ; BARBOSA, Jorge V	Qualis nao identificado	Lafex International School on High Energy Physics (LISHEP)
trabalhoCompletoEmCongresso	Iara Augustin	2001		Explorando o Escalonamento no Desempenho de Aplicações Móveis Distribuídas	II Workshop Em Sistemas Computacionais de Alto Desempenho	YAMIN, Adenauer Correa ; AUGUSTIN, I. ; GEYER, Cláudio F Resin ; BARBOSA, Jorge V	Qualis nao identificado	II Workshop Em Sistemas Computacionais de Alto Desempenho
trabalhoCompletoEmCongresso	Iara Augustin	2001		Mecanismos de Suporte ao Escalonamento em Sistemas com Objetos Distribuídos Java	VII Cacic Congreso Argentino de Ciencias de La Computación	SILVA, L. ; YAMIN, Adenauer Correa ; AUGUSTIN, I. ; GEYER, Cláudio F Resin ; BARBOSA, Jorge V	Qualis nao identificado	VII Cacic Congreso Argentino de Ciencias de La Computación
trabalhoCompletoEmCongresso	Iara Augustin	2001		Hierarquia de Gerenciamento de Redes com Componentes Móveis	VIII Cacic Congreso Argentino de Ciencias de La Computación	SILVA, E. ; AUGUSTIN, I. ; YAMIN, Adenauer Correa ; BARBOSA, Jorge V ; GEYER, Cláudio F Resin	Qualis nao identificado	VIII Cacic Congreso Argentino de Ciencias de La Computación
trabalhoCompletoEmCongresso	Iara Augustin	2001		Requisitos para o Projeto de Aplicações Móveis Distribuídas	VIII Cacic Congreso Argentino de Ciencias de La Computación	AUGUSTIN, I. ; YAMIN, Adenauer Correa ; BARBOSA, Jorge V ; GEYER, Cláudio F Resin	Qualis nao identificado	VIII Cacic Congreso Argentino de Ciencias de La Computación
trabalhoCompletoEmCongresso	Iara Augustin	2001		Uma Proposta de Monitoração para Visualização de Aplicações Distribuídas Java	Jornadas Chilenas de Computación 2001	ARAÚJO, E. ; AUGUSTIN, I. ; YAMIN, Adenauer Correa ; SILVA, L. ; GEYER, Cláudio F Resin	Qualis nao identificado	Jornadas Chilenas de Computación 2001
resumoExpandidoEmCongresso	Iara Augustin	2010	uMED Uma Proposta Baseada em Processamento Semântico para a Medicina Ubíqua	XII Congresso Brasileiro de Informática na Saúde, 2010, Porto de Galinhas, Pernambuco. CBIS 2010	Rodrigues, S. ; Venecian, L. ; AUGUSTIN, I. ; YAMIN, Adenauer Correa	Qualis nao identificado	XII Congresso Brasileiro de Informática na Saúde, 2010, Porto de Galinhas, Pernambuco. CBIS 2010
resumoExpandidoEmCongresso	Iara Augustin	2010	PEHS UM SISTEMA DEINFORMAÇÃO HOSPITALAR COM CARACTERÍSTICAS UBÍQUAS	XII Congresso Brasileiro de Informática na Saúde, 2010, Porto de Galinhas, Pernambuco. CBIS 2010	VICENTINI, Caroline F. ; MACHADO, A. ; AUGUSTIN, I.	Qualis nao identificado	XII Congresso Brasileiro de Informática na Saúde, 2010, Porto de Galinhas, Pernambuco. CBIS 2010
resumoExpandidoEmCongresso	Iara Augustin	2010	APLICAÇÕES MÓVEIS DE ACESSO ÀS INFORMAÇÕES DO PACIENTE	XII Congresso Brasileiro de Informática na Saúde, 2010, Porto de Galinhas, Pernambuco. CBIS 2010	MACHADO, A. ; LORENZI, Fabio ; YAMIN, Adenauer Correa ; LIMA, João Carlos Damasceno ; Librelotto, G. R. ; AUGUSTIN, I.	Qualis nao identificado	XII Congresso Brasileiro de Informática na Saúde, 2010, Porto de Galinhas, Pernambuco. CBIS 2010
resumoExpandidoEmCongresso	Iara Augustin	2008	On the Control of Adaptation in the Ubiquitous Computing Systems	Symposium on Applied Computin (SAC)/ Track DADS, 2008, Fortaleza, CE. Proceedings of SAC 2008. New York: ACM Publisher	SILVA, Luciano Cavalheiro da ; COSTA, C. ; AUGUSTIN, I. ; YAMIN, Adenauer ; GEYER, Cláudio F Resin	Qualis nao identificado	Symposium on Applied Computin (SAC)/ Track DADS, 2008, Fortaleza, CE. Proceedings of SAC 2008. New York: ACM Publisher
resumoExpandidoEmCongresso	Iara Augustin	2008	OntoHealth - Um framework para o gerenciamento de ontologias em ambientes hospitalares pervasivos	II WORKSHOP ON PERVASIVE AND UBIQUITOUS COMPUTING, 2008, CAMPO GRANDE, MS. ANAIS WPUC 2008. Porto Alegre: SBC Editora	Librelotto, G. R. ; GASSEN, J. B. ; TURCHETTI, Rogerio ; FREITAS, L. ; AUGUSTIN, I.	Qualis nao identificado	II WORKSHOP ON PERVASIVE AND UBIQUITOUS COMPUTING, 2008, CAMPO GRANDE, MS. ANAIS WPUC 2008. Porto Alegre: SBC Editora
resumoExpandidoEmCongresso	Iara Augustin	2008	Introduzindo a orientaçao a Tarefas Clínicas em um Middleware de Gerenciamento do Espaço Pervasivo	II WORKSHOP ON PERVASIVE AND UBIQUITOUS COMPUTING, 2008, CAMPO GRANDE, MS. ANAIS WPUC 2008. Porto Alegre: SBC Editora	SILVA, Fábio Lorenzi da ; FERREIRA, Giuliano Lopes ; RIZZETTI, Thiago Antonio ; Librelotto, G. R. ; YAMIN, Adenauer Correa ; AUGUSTIN, I.	Qualis nao identificado	II WORKSHOP ON PERVASIVE AND UBIQUITOUS COMPUTING, 2008, CAMPO GRANDE, MS. ANAIS WPUC 2008. Porto Alegre: SBC Editora
resumoExpandidoEmCongresso	Iara Augustin	2007	Flexible Appplication and Context Aware Adaptation in a Pervasive File System	3rd International Conference on Self-Organization and Autonomous Systems in Computing and Communications, 2007, Leipzi. SOAS 2007	FRAINER, Gustavo ; SILVA, Luciano Cavalheiro da ; AUGUSTIN, I. ; YAMIN, Adenauer Correa ; GEYER, Cláudio F R	Qualis nao identificado	3rd International Conference on Self-Organization and Autonomous Systems in Computing and Communications, 2007, Leipzi. SOAS 2007
resumoExpandidoEmCongresso	Iara Augustin	2008	On Control fo Adaptation in Ubiquitous Computing	ACM Symposium on Applied Computing (SAC) - DADS Track, 2007, Fortaleza, Ceará. Proceedings SAC 2008 - SA. New York: ACM Ed	SILVA, Luciano Cavalheiro ; COSTA, C. ; AUGUSTIN, I. ; YAMIN, Adenauer Correa ; GEYER, Cláudio F Resin	A1	ACM Symposium on Applied Computing
